Designator,Mid X,Mid Y,Layer,Rotation
C1,337.000000mm,-281.000000mm,Bottom,0.000000
C2,316.000000mm,-249.000000mm,Bottom,0.000000
C3,226.000000mm,-275.000000mm,Bottom,0.000000
C4,209.000000mm,-280.000000mm,Bottom,0.000000
C5,334.000000mm,-263.000000mm,Bottom,0.000000
C6,311.000000mm,-249.000000mm,Bottom,0.000000
C12,231.000000mm,-263.000000mm,Bottom,0.000000
C13,313.000000mm,-287.000000mm,Bottom,0.000000
C14,237.000000mm,-263.000000mm,Bottom,0.000000
C15,345.000000mm,-286.000000mm,Bottom,0.000000
C16,240.000000mm,-283.000000mm,Bottom,0.000000
C17,303.000000mm,-210.000000mm,Bottom,0.000000
C18,298.000000mm,-210.000000mm,Bottom,0.000000
C19,350.000000mm,-243.000000mm,Bottom,0.000000
C20,304.000000mm,-249.000000mm,Bottom,0.000000
C21,298.000000mm,-216.000000mm,Bottom,0.000000
C22,213.000000mm,-266.000000mm,Bottom,0.000000
C23,331.000000mm,-281.000000mm,Bottom,0.000000
C24,323.000000mm,-219.000000mm,Bottom,0.000000
C25,205.000000mm,-262.000000mm,Bottom,0.000000
C26,344.000000mm,-263.000000mm,Bottom,0.000000
C27,270.000000mm,-197.000000mm,Bottom,0.000000
C28,223.000000mm,-286.000000mm,Bottom,0.000000
C29,328.000000mm,-219.000000mm,Bottom,0.000000
C30,291.000000mm,-255.000000mm,Bottom,0.000000
C31,214.000000mm,-277.000000mm,Bottom,0.000000
C32,265.000000mm,-272.000000mm,Bottom,0.000000
C33,335.000000mm,-287.000000mm,Bottom,0.000000
C34,292.000000mm,-249.000000mm,Bottom,0.000000
C35,342.000000mm,-219.000000mm,Bottom,0.000000
C36,339.000000mm,-269.000000mm,Bottom,0.000000
C37,349.000000mm,-263.000000mm,Bottom,0.000000
C38,347.000000mm,-250.000000mm,Bottom,0.000000
C39,293.000000mm,-236.000000mm,Bottom,0.000000
C40,339.000000mm,-250.000000mm,Bottom,0.000000
C41,210.000000mm,-256.000000mm,Bottom,90.000000
C42,310.000000mm,-281.000000mm,Bottom,90.000000
C43,221.000000mm,-197.000000mm,Bottom,90.000000
C44,201.000000mm,-257.000000mm,Bottom,90.000000
C45,305.000000mm,-281.000000mm,Bottom,90.000000
C46,212.000000mm,-197.000000mm,Bottom,90.000000
C47,204.000000mm,-257.000000mm,Bottom,90.000000
C48,308.000000mm,-267.000000mm,Bottom,90.000000
C49,204.000000mm,-201.000000mm,Bottom,90.000000
C50,224.000000mm,-193.000000mm,Bottom,90.000000
C51,207.000000mm,-228.000000mm,Bottom,90.000000
C52,224.000000mm,-219.000000mm,Bottom,90.000000
C53,212.000000mm,-235.000000mm,Bottom,90.000000
C54,295.000000mm,-270.000000mm,Bottom,90.000000
C55,209.000000mm,-197.000000mm,Bottom,90.000000
C56,236.000000mm,-194.000000mm,Bottom,0.000000
C57,212.000000mm,-242.000000mm,Bottom,0.000000
C58,281.000000mm,-204.000000mm,Bottom,0.000000
C59,286.000000mm,-222.000000mm,Bottom,90.000000
C60,275.000000mm,-192.000000mm,Bottom,90.000000
C61,212.000000mm,-192.000000mm,Bottom,90.000000
C62,340.000000mm,-243.000000mm,Bottom,0.000000
C63,352.000000mm,-249.000000mm,Bottom,0.000000
C64,212.000000mm,-261.000000mm,Bottom,90.000000
C65,215.000000mm,-197.000000mm,Bottom,90.000000
C66,209.000000mm,-275.000000mm,Bottom,90.000000
C67,201.000000mm,-202.000000mm,Bottom,90.000000
C68,209.000000mm,-267.000000mm,Bottom,90.000000
C69,201.000000mm,-197.000000mm,Bottom,90.000000
C70,282.000000mm,-267.000000mm,Bottom,90.000000
C71,232.000000mm,-219.000000mm,Bottom,90.000000
C72,249.000000mm,-260.000000mm,Bottom,90.000000
C73,269.000000mm,-192.000000mm,Bottom,90.000000
C74,245.000000mm,-248.000000mm,Bottom,0.000000
C75,284.000000mm,-214.000000mm,Bottom,0.000000
C76,246.000000mm,-255.000000mm,Bottom,90.000000
C77,278.000000mm,-192.000000mm,Bottom,90.000000
C85,326.000000mm,-256.000000mm,Bottom,0.000000
C86,324.000000mm,-250.000000mm,Bottom,0.000000
C87,312.000000mm,-256.000000mm,Bottom,0.000000
C88,308.000000mm,-210.000000mm,Bottom,0.000000
C89,220.000000mm,-271.000000mm,Bottom,0.000000
C90,205.000000mm,-271.000000mm,Bottom,0.000000
C91,221.000000mm,-280.000000mm,Bottom,0.000000
C100,352.000000mm,-240.000000mm,Bottom,0.000000
C101,302.000000mm,-230.000000mm,Bottom,0.000000
C102,225.000000mm,-226.000000mm,Bottom,0.000000
C103,304.000000mm,-255.000000mm,Bottom,0.000000
C104,278.000000mm,-267.000000mm,Bottom,0.000000
C105,244.000000mm,-192.000000mm,Bottom,0.000000
C106,299.000000mm,-236.000000mm,Bottom,0.000000
C107,293.000000mm,-207.000000mm,Bottom,0.000000
C108,303.000000mm,-243.000000mm,Bottom,0.000000
C109,318.000000mm,-191.000000mm,Bottom,0.000000
C110,212.000000mm,-212.000000mm,Bottom,0.000000
C111,212.000000mm,-209.000000mm,Bottom,0.000000
C112,224.000000mm,-206.000000mm,Bottom,0.000000
C113,240.000000mm,-207.000000mm,Bottom,0.000000
C116,353.000000mm,-237.000000mm,Bottom,0.000000
C117,353.000000mm,-234.000000mm,Bottom,0.000000
C118,353.000000mm,-231.000000mm,Bottom,0.000000
C119,304.000000mm,-236.000000mm,Bottom,0.000000
C120,327.000000mm,-263.000000mm,Bottom,0.000000
C121,205.000000mm,-265.000000mm,Bottom,0.000000
C122,326.000000mm,-280.000000mm,Bottom,0.000000
C123,216.000000mm,-251.000000mm,Bottom,0.000000
C124,325.000000mm,-288.000000mm,Bottom,0.000000
C125,339.000000mm,-256.000000mm,Bottom,0.000000
C126,220.000000mm,-264.000000mm,Bottom,0.000000
C127,344.000000mm,-270.000000mm,Bottom,0.000000
C128,350.000000mm,-269.000000mm,Bottom,0.000000
C129,319.000000mm,-270.000000mm,Bottom,0.000000
C130,319.000000mm,-280.000000mm,Bottom,0.000000
C131,345.000000mm,-281.000000mm,Bottom,0.000000
C132,321.000000mm,-256.000000mm,Bottom,0.000000
C133,314.000000mm,-263.000000mm,Bottom,0.000000
C134,297.000000mm,-249.000000mm,Bottom,0.000000
C135,205.000000mm,-268.000000mm,Bottom,0.000000
C136,339.000000mm,-263.000000mm,Bottom,0.000000
C137,293.000000mm,-262.000000mm,Bottom,0.000000
C139,222.000000mm,-258.000000mm,Bottom,0.000000
C140,234.000000mm,-257.000000mm,Bottom,0.000000
C141,211.000000mm,-206.000000mm,Bottom,0.000000
C142,226.000000mm,-212.000000mm,Bottom,0.000000
C143,237.000000mm,-226.000000mm,Bottom,0.000000
CT2,350.000000mm,-220.000000mm,Bottom,0.000000
CT4,253.000000mm,-201.000000mm,Bottom,0.000000
CT5,287.000000mm,-192.000000mm,Bottom,0.000000
CT6,293.000000mm,-211.000000mm,Bottom,0.000000
CT7,212.000000mm,-216.000000mm,Bottom,0.000000
CT8,260.000000mm,-194.000000mm,Bottom,0.000000
CT9,205.000000mm,-275.000000mm,Bottom,0.000000
D7,345.000000mm,-243.000000mm,Bottom,0.000000
D8,347.000000mm,-216.000000mm,Bottom,0.000000
D9,311.000000mm,-219.000000mm,Bottom,0.000000
D10,321.000000mm,-237.000000mm,Bottom,0.000000
FB1,213.000000mm,-230.000000mm,Bottom,0.000000
L1,207.000000mm,-250.000000mm,Bottom,0.000000
L2,295.000000mm,-282.000000mm,Bottom,0.000000
L3,234.000000mm,-202.000000mm,Bottom,0.000000
L4,238.000000mm,-234.000000mm,Bottom,0.000000
L5,252.000000mm,-195.000000mm,Bottom,0.000000
Q4,292.000000mm,-216.000000mm,Bottom,0.000000
Q5,277.000000mm,-282.000000mm,Bottom,0.000000
Q6,316.000000mm,-237.000000mm,Bottom,0.000000
Q7,316.000000mm,-242.000000mm,Bottom,0.000000
Q8,217.000000mm,-235.000000mm,Bottom,0.000000
Q9,236.000000mm,-245.000000mm,Bottom,0.000000
Q10,280.000000mm,-261.000000mm,Bottom,0.000000
Q11,335.000000mm,-242.000000mm,Bottom,0.000000
Q12,293.000000mm,-229.000000mm,Bottom,0.000000
Q13,316.000000mm,-216.000000mm,Bottom,0.000000
Q14,236.000000mm,-250.000000mm,Bottom,0.000000
Q15,340.000000mm,-236.000000mm,Bottom,0.000000
Q16,335.000000mm,-237.000000mm,Bottom,0.000000
Q17,347.000000mm,-239.000000mm,Bottom,0.000000
Q18,251.000000mm,-286.000000mm,Bottom,0.000000
Q20,335.000000mm,-201.000000mm,Bottom,0.000000
Q21,340.000000mm,-198.000000mm,Bottom,0.000000
Q22,252.000000mm,-207.000000mm,Bottom,0.000000
Q23,353.000000mm,-225.000000mm,Bottom,0.000000
Q24,328.000000mm,-195.000000mm,Bottom,0.000000
Q25,309.000000mm,-203.000000mm,Bottom,0.000000
R1,202.000000mm,-234.000000mm,Bottom,0.000000
R2,203.000000mm,-227.000000mm,Bottom,0.000000
R3,207.000000mm,-224.000000mm,Bottom,0.000000
R4,202.000000mm,-224.000000mm,Bottom,0.000000
R16,203.000000mm,-237.000000mm,Bottom,0.000000
R17,292.000000mm,-287.000000mm,Bottom,0.000000
R18,287.000000mm,-287.000000mm,Bottom,0.000000
R19,287.000000mm,-284.000000mm,Bottom,0.000000
R20,246.000000mm,-277.000000mm,Bottom,0.000000
R21,277.000000mm,-287.000000mm,Bottom,0.000000
R22,222.000000mm,-268.000000mm,Bottom,0.000000
R23,304.000000mm,-288.000000mm,Bottom,0.000000
R24,304.000000mm,-285.000000mm,Bottom,0.000000
R25,272.000000mm,-287.000000mm,Bottom,0.000000
R26,285.000000mm,-271.000000mm,Bottom,0.000000
R27,282.000000mm,-287.000000mm,Bottom,0.000000
R28,203.000000mm,-280.000000mm,Bottom,0.000000
R29,353.000000mm,-256.000000mm,Bottom,0.000000
R30,350.000000mm,-280.000000mm,Bottom,0.000000
R31,319.000000mm,-263.000000mm,Bottom,0.000000
R32,331.000000mm,-256.000000mm,Bottom,0.000000
R33,329.000000mm,-242.000000mm,Bottom,0.000000
R34,249.000000mm,-228.000000mm,Bottom,0.000000
R35,297.000000mm,-243.000000mm,Bottom,0.000000
R36,309.000000mm,-223.000000mm,Bottom,0.000000
R37,247.000000mm,-200.000000mm,Bottom,0.000000
R39,303.000000mm,-223.000000mm,Bottom,0.000000
R40,304.000000mm,-216.000000mm,Bottom,0.000000
R41,293.000000mm,-225.000000mm,Bottom,0.000000
R42,228.000000mm,-218.000000mm,Bottom,0.000000
R43,352.000000mm,-216.000000mm,Bottom,0.000000
R44,304.000000mm,-268.000000mm,Bottom,0.000000
R45,242.000000mm,-261.000000mm,Bottom,0.000000
R46,309.000000mm,-229.000000mm,Bottom,0.000000
R48,299.000000mm,-256.000000mm,Bottom,0.000000
R49,207.000000mm,-257.000000mm,Bottom,90.000000
R50,312.000000mm,-270.000000mm,Bottom,90.000000
R51,220.000000mm,-192.000000mm,Bottom,90.000000
R52,213.000000mm,-255.000000mm,Bottom,90.000000
R53,308.000000mm,-259.000000mm,Bottom,90.000000
R54,220.000000mm,-205.000000mm,Bottom,90.000000
R55,209.000000mm,-235.000000mm,Bottom,90.000000
R56,206.000000mm,-233.000000mm,Bottom,90.000000
R57,298.000000mm,-270.000000mm,Bottom,90.000000
R58,292.000000mm,-269.000000mm,Bottom,90.000000
R59,209.000000mm,-192.000000mm,Bottom,90.000000
R60,215.000000mm,-192.000000mm,Bottom,90.000000
R61,209.000000mm,-262.000000mm,Bottom,90.000000
R62,207.000000mm,-202.000000mm,Bottom,90.000000
R63,242.000000mm,-268.000000mm,Bottom,90.000000
R64,228.000000mm,-204.000000mm,Bottom,90.000000
R65,246.000000mm,-260.000000mm,Bottom,90.000000
R66,249.000000mm,-255.000000mm,Bottom,90.000000
R67,272.000000mm,-192.000000mm,Bottom,90.000000
R68,281.000000mm,-192.000000mm,Bottom,90.000000
R75,335.000000mm,-197.000000mm,Bottom,0.000000
R76,309.000000mm,-236.000000mm,Bottom,0.000000
R77,352.000000mm,-200.000000mm,Bottom,0.000000
R78,347.000000mm,-191.000000mm,Bottom,0.000000
R79,242.000000mm,-201.000000mm,Bottom,0.000000
R80,309.000000mm,-216.000000mm,Bottom,0.000000
R81,348.000000mm,-256.000000mm,Bottom,0.000000
R82,332.000000mm,-191.000000mm,Bottom,0.000000
R83,347.000000mm,-200.000000mm,Bottom,0.000000
R84,298.000000mm,-223.000000mm,Bottom,0.000000
R85,327.000000mm,-191.000000mm,Bottom,0.000000
R86,321.000000mm,-242.000000mm,Bottom,0.000000
R87,313.000000mm,-191.000000mm,Bottom,0.000000
R88,269.000000mm,-221.000000mm,Bottom,0.000000
R89,285.000000mm,-231.000000mm,Bottom,0.000000
R90,272.000000mm,-230.000000mm,Bottom,0.000000
R91,275.000000mm,-215.000000mm,Bottom,0.000000
R92,284.000000mm,-243.000000mm,Bottom,0.000000
R93,275.000000mm,-218.000000mm,Bottom,0.000000
R94,285.000000mm,-252.000000mm,Bottom,0.000000
R95,274.000000mm,-246.000000mm,Bottom,0.000000
R96,285.000000mm,-255.000000mm,Bottom,0.000000
R97,280.000000mm,-257.000000mm,Bottom,0.000000
R98,273.000000mm,-267.000000mm,Bottom,0.000000
R99,285.000000mm,-237.000000mm,Bottom,0.000000
R100,260.000000mm,-234.000000mm,Bottom,0.000000
R101,264.000000mm,-237.000000mm,Bottom,0.000000
R102,289.000000mm,-243.000000mm,Bottom,0.000000
R103,274.000000mm,-224.000000mm,Bottom,0.000000
R104,232.000000mm,-241.000000mm,Bottom,0.000000
R105,245.000000mm,-195.000000mm,Bottom,0.000000
R106,334.000000mm,-250.000000mm,Bottom,0.000000
R107,299.000000mm,-287.000000mm,Bottom,0.000000
R108,342.000000mm,-191.000000mm,Bottom,0.000000
R109,220.000000mm,-220.000000mm,Bottom,0.000000
R110,235.000000mm,-207.000000mm,Bottom,0.000000
R111,215.000000mm,-248.000000mm,Bottom,0.000000
R112,207.000000mm,-220.000000mm,Bottom,0.000000
R113,329.000000mm,-250.000000mm,Bottom,0.000000
R114,309.000000mm,-263.000000mm,Bottom,0.000000
R115,337.000000mm,-191.000000mm,Bottom,0.000000
R116,311.000000mm,-243.000000mm,Bottom,0.000000
R117,302.000000mm,-262.000000mm,Bottom,0.000000
R118,203.000000mm,-240.000000mm,Bottom,0.000000
R119,203.000000mm,-243.000000mm,Bottom,0.000000
R120,274.000000mm,-221.000000mm,Bottom,0.000000
R121,270.000000mm,-233.000000mm,Bottom,0.000000
R122,262.000000mm,-224.000000mm,Bottom,0.000000
R123,275.000000mm,-264.000000mm,Bottom,0.000000
R124,270.000000mm,-218.000000mm,Bottom,0.000000
R125,271.000000mm,-227.000000mm,Bottom,0.000000
R126,266.000000mm,-227.000000mm,Bottom,0.000000
R127,267.000000mm,-230.000000mm,Bottom,0.000000
R128,267.000000mm,-224.000000mm,Bottom,0.000000
R129,265.000000mm,-233.000000mm,Bottom,0.000000
R130,270.000000mm,-215.000000mm,Bottom,0.000000
R131,264.000000mm,-240.000000mm,Bottom,0.000000
R132,264.000000mm,-247.000000mm,Bottom,0.000000
R133,262.000000mm,-230.000000mm,Bottom,0.000000
R134,269.000000mm,-246.000000mm,Bottom,0.000000
R135,264.000000mm,-265.000000mm,Bottom,0.000000
R136,269.000000mm,-261.000000mm,Bottom,0.000000
R137,264.000000mm,-262.000000mm,Bottom,0.000000
R138,265.000000mm,-268.000000mm,Bottom,0.000000
R139,264.000000mm,-259.000000mm,Bottom,0.000000
R140,269.000000mm,-258.000000mm,Bottom,0.000000
R141,269.000000mm,-264.000000mm,Bottom,0.000000
R142,275.000000mm,-258.000000mm,Bottom,0.000000
R143,275.000000mm,-261.000000mm,Bottom,0.000000
R144,284.000000mm,-249.000000mm,Bottom,0.000000
SW1,203.410000mm,-210.466750mm,Bottom,-90.000000
U2,318.000000mm,-200.000000mm,Bottom,0.000000
U6,219.000000mm,-275.000000mm,Bottom,0.000000
U8,247.000000mm,-265.000000mm,Bottom,0.000000
U9,260.000000mm,-271.000000mm,Bottom,0.000000
U10,313.000000mm,-281.000000mm,Bottom,0.000000
U11,258.000000mm,-285.000000mm,Bottom,0.000000
U12,298.000000mm,-265.000000mm,Bottom,0.000000
U13,266.000000mm,-287.000000mm,Bottom,0.000000
U14,325.000000mm,-284.000000mm,Bottom,0.000000
U15,336.000000mm,-230.000000mm,Bottom,0.000000
U16,267.000000mm,-211.000000mm,Bottom,0.000000
U17,260.000000mm,-212.000000mm,Bottom,0.000000
U18,317.000000mm,-221.000000mm,Bottom,0.000000
U19,250.000000mm,-217.000000mm,Bottom,0.000000
U21,267.000000mm,-206.000000mm,Bottom,0.000000
U22,274.000000mm,-211.000000mm,Bottom,0.000000
U23,291.000000mm,-221.000000mm,Bottom,0.000000
U24,268.000000mm,-201.000000mm,Bottom,0.000000
U25,336.000000mm,-225.000000mm,Bottom,0.000000
U26,257.000000mm,-218.000000mm,Bottom,0.000000
U27,253.000000mm,-212.000000mm,Bottom,0.000000
U28,336.000000mm,-220.000000mm,Bottom,0.000000
U30,241.000000mm,-218.000000mm,Bottom,0.000000
U31,222.600000mm,-246.800000mm,Bottom,90.000000
U32,307.000000mm,-274.000000mm,Bottom,90.000000
U33,222.600000mm,-236.000000mm,Bottom,90.000000
U34,230.000000mm,-235.700000mm,Bottom,90.000000
U35,230.000000mm,-246.700000mm,Bottom,90.000000
U36,218.000000mm,-285.000000mm,Bottom,0.000000
U45,271.387500mm,-239.500000mm,Bottom,0.000000
U46,271.287500mm,-251.900000mm,Bottom,0.000000
U47,247.000000mm,-239.000000mm,Bottom,0.000000
U52,292.000000mm,-200.000000mm,Bottom,0.000000
U53,320.000000mm,-208.000000mm,Bottom,0.000000
U54,303.000000mm,-200.000000mm,Bottom,0.000000
U55,309.000000mm,-197.000000mm,Bottom,0.000000
U56,301.000000mm,-192.000000mm,Bottom,0.000000
U57,306.000000mm,-192.000000mm,Bottom,0.000000
U59,239.000000mm,-240.000000mm,Bottom,0.000000
U60,248.000000mm,-232.000000mm,Bottom,0.000000
U61,294.000000mm,-192.000000mm,Bottom,0.000000
U62,261.000000mm,-199.000000mm,Bottom,0.000000
U63,337.000000mm,-209.000000mm,Bottom,0.000000
U64,330.000000mm,-273.000000mm,Bottom,0.000000
U65,287.000000mm,-259.000000mm,Bottom,0.000000
U67,318.000000mm,-229.000000mm,Bottom,0.000000
Y1,233.000000mm,-268.000000mm,Bottom,0.000000
Y3,236.000000mm,-275.000000mm,Bottom,0.000000
Y4,239.000000mm,-212.000000mm,Bottom,0.000000
BT1,263.200000mm,-244.300000mm,Top,90.000000
C7,277.200000mm,-266.700000mm,Top,90.000000
C8,231.200000mm,-218.000000mm,Top,0.000000
C9,223.100000mm,-218.010000mm,Top,0.000000
C10,231.450000mm,-192.000000mm,Top,0.000000
C11,223.050000mm,-192.000000mm,Top,0.000000
C78,266.600000mm,-205.800000mm,Top,180.000000
C79,281.600000mm,-213.800000mm,Top,0.000000
C80,259.100000mm,-224.400000mm,Top,-90.000000
C81,304.687500mm,-201.200000mm,Top,180.000000
C82,285.400000mm,-213.800000mm,Top,0.000000
C83,289.200000mm,-213.800000mm,Top,0.000000
C84,259.300000mm,-231.950000mm,Top,90.000000
C96,318.597500mm,-207.442500mm,Top,90.000000
C97,337.000000mm,-207.350000mm,Top,90.000000
C98,318.842500mm,-230.542500mm,Top,90.000000
C99,337.100000mm,-230.550000mm,Top,90.000000
CT1,208.800000mm,-202.600000mm,Top,90.000000
CT3,266.600000mm,-211.600000mm,Top,180.000000
D1,259.200000mm,-249.900000mm,Top,90.000000
D2,259.200000mm,-245.200000mm,Top,-90.000000
D3,246.200000mm,-191.900000mm,Top,0.000000
D4,300.287500mm,-201.200000mm,Top,180.000000
D5,298.600000mm,-197.000000mm,Top,0.000000
D6,298.600000mm,-192.600000mm,Top,0.000000
DC1,293.200000mm,-232.550000mm,Top,0.000000
DC2,293.200000mm,-239.100000mm,Top,0.000000
DC3,293.200000mm,-245.650000mm,Top,0.000000
DC4,293.200000mm,-252.200000mm,Top,0.000000
DC5,293.200000mm,-258.750000mm,Top,0.000000
DC6,293.200000mm,-265.300000mm,Top,0.000000
DSI1,205.250000mm,-250.100000mm,Top,-90.000000
DSI2,205.150000mm,-230.850000mm,Top,-90.000000
DSW1,271.100000mm,-251.900000mm,Top,0.000000
DSW2,263.240000mm,-266.055000mm,Top,0.000000
DSW3,271.200000mm,-239.500000mm,Top,0.000000
ESP1,283.795000mm,-196.300000mm,Top,0.000000
FB2,350.200000mm,-219.000000mm,Top,0.000000
GPIO1,253.325000mm,-222.075000mm,Top,0.000000
GPIO2,278.025000mm,-220.690000mm,Top,0.000000
I2C_0x70_1,310.800000mm,-245.900000mm,Top,0.000000
I2C_0x70_2,310.800000mm,-252.450000mm,Top,0.000000
I2C_0x70_3,310.800000mm,-259.000000mm,Top,0.000000
I2C_0x70_4,310.800000mm,-265.550000mm,Top,0.000000
I2C_0x70_5,322.600000mm,-245.950000mm,Top,0.000000
I2C_0x70_6,322.600000mm,-252.550000mm,Top,0.000000
I2C_0x70_7,322.600000mm,-259.100000mm,Top,0.000000
I2C_0x70_8,322.600000mm,-265.650000mm,Top,0.000000
I2C_0x71_1,334.400000mm,-246.050000mm,Top,0.000000
I2C_0x71_2,334.400000mm,-252.600000mm,Top,0.000000
I2C_0x71_3,334.400000mm,-259.150000mm,Top,0.000000
I2C_0x71_4,334.400000mm,-265.700000mm,Top,0.000000
I2C_0x71_5,345.800000mm,-246.100000mm,Top,0.000000
I2C_0x71_7,345.800000mm,-252.650000mm,Top,0.000000
I2C_0x71_8,345.800000mm,-259.200000mm,Top,0.000000
I2C_1,301.000000mm,-232.850000mm,Top,0.000000
I2C_2,300.900000mm,-239.100000mm,Top,0.000000
J1,349.300000mm,-275.100000mm,Top,180.000000
J2,258.400000mm,-281.410000mm,Top,0.000000
J3,220.050000mm,-280.340000mm,Top,0.000000
J4,239.450000mm,-280.437500mm,Top,0.000000
J5,276.710000mm,-279.840000mm,Top,0.000000
J6,218.023000mm,-205.400000mm,Top,90.000000
J7,295.000000mm,-279.707500mm,Top,0.000000
J8,311.880000mm,-285.660000mm,Top,0.000000
J9,324.080000mm,-285.660000mm,Top,0.000000
J10,336.200000mm,-285.725000mm,Top,0.000000
J11,262.325000mm,-217.125000mm,Top,0.000000
J12,263.050000mm,-256.100000mm,Top,90.000000
J13,285.525000mm,-264.625000mm,Top,0.000000
J31,287.500000mm,-240.050000mm,Top,180.000000
J32,287.500000mm,-233.600000mm,Top,180.000000
JI2C_0x71_6,345.800000mm,-265.750000mm,Top,0.000000
M4,323.900000mm,-193.650000mm,Top,180.000000
M5,349.350000mm,-234.900000mm,Top,90.000000
M6,342.200000mm,-193.750000mm,Top,180.000000
M7,349.550000mm,-212.400000mm,Top,90.000000
Module1,246.500000mm,-222.700000mm,Top,180.000000
Q1,266.200000mm,-196.700000mm,Top,0.000000
Q2,271.300000mm,-229.600000mm,Top,-90.000000
Q3,271.300000mm,-225.300000mm,Top,-90.000000
Q26,330.400000mm,-274.800000mm,Top,0.000000
R5,269.775000mm,-261.535000mm,Top,90.000000
R6,272.175000mm,-261.535000mm,Top,90.000000
R7,274.675000mm,-261.535000mm,Top,90.000000
R8,259.200000mm,-256.700000mm,Top,-90.000000
R9,259.200000mm,-237.900000mm,Top,90.000000
R10,277.175000mm,-261.535000mm,Top,90.000000
R11,277.175000mm,-257.735000mm,Top,90.000000
R12,279.675000mm,-261.535000mm,Top,90.000000
R13,282.175000mm,-261.535000mm,Top,90.000000
R14,208.987500mm,-209.800000mm,Top,0.000000
R15,241.797500mm,-191.980000mm,Top,180.000000
R38,286.300000mm,-225.100000mm,Top,0.000000
R47,272.500000mm,-220.700000mm,Top,180.000000
R69,296.087500mm,-201.200000mm,Top,0.000000
R70,303.100000mm,-197.000000mm,Top,0.000000
R71,303.087500mm,-192.600000mm,Top,0.000000
R72,267.400000mm,-226.200000mm,Top,180.000000
R73,267.400000mm,-222.800000mm,Top,0.000000
R74,267.500000mm,-229.600000mm,Top,180.000000
SERVO1,300.800000mm,-245.650000mm,Top,0.000000
SERVO2,300.800000mm,-252.200000mm,Top,0.000000
SERVO3,300.800000mm,-258.750000mm,Top,0.000000
SERVO4,300.800000mm,-265.300000mm,Top,0.000000
SPEAKER1,285.900000mm,-245.600000mm,Top,0.000000
SPI1,297.200000mm,-206.550000mm,Top,0.000000
SPI2,297.200000mm,-213.150000mm,Top,0.000000
SPI3,297.200000mm,-219.650000mm,Top,0.000000
SPI4,297.100000mm,-226.450000mm,Top,0.000000
SW2,312.500000mm,-273.725000mm,Top,0.000000
SW3,317.090000mm,-273.725000mm,Top,0.000000
SW4,321.680000mm,-273.725000mm,Top,0.000000
U3,262.500000mm,-237.600000mm,Top,180.000000
U4,281.900000mm,-266.415000mm,Top,-90.000000
U5,272.000000mm,-266.400000mm,Top,-90.000000
U7,216.600000mm,-192.100000mm,Top,180.000000
U20,285.800000mm,-219.200000mm,Top,-90.000000
U29,274.200000mm,-215.500000mm,Top,-90.000000
U37,262.500000mm,-226.800000mm,Top,0.000000
U48,318.850000mm,-207.442500mm,Top,0.000000
U49,318.842500mm,-230.542500mm,Top,0.000000
U50,337.000000mm,-207.350000mm,Top,0.000000
U51,337.100000mm,-230.550000mm,Top,0.000000
