Comment,Designator,Footprint,LCSC Part #
"Heatsink","HS1","TestPoint_Pad_1.0x1.0mm",
"2.2K 1%","R92","R_0805_2012Metric","C25744"
"2.2K 1%","R93","R_0805_2012Metric","C25744"
"2.2K 1%","R90","R_0805_2012Metric","C25744"
"2.2K 1%","R91","R_0805_2012Metric","C25744"
"2.2K 1%","R88","R_0805_2012Metric","C25744"
"2.2K 1%","R129","R_0805_2012Metric","C25744"
"2.2K 1%","R139","R_0805_2012Metric","C25744"
"2.2K 1%","R133","R_0805_2012Metric","C25744"
"2.2K 1%","R136","R_0805_2012Metric","C25744"
"2.2K 1%","R140","R_0805_2012Metric","C25744"
"2.2K 1%","R125","R_0805_2012Metric","C25744"
"2.2K 1%","R127","R_0805_2012Metric","C25744"
"2.2K 1%","R130","R_0805_2012Metric","C25744"
"2.2K 1%","R131","R_0805_2012Metric","C25744"
"2.2K 1%","R132","R_0805_2012Metric","C25744"
"2.2K 1%","R124","R_0805_2012Metric","C25744"
"2.2K 1%","R126","R_0805_2012Metric","C25744"
"2.2K 1%","R134","R_0805_2012Metric","C25744"
"2.2K 1%","R138","R_0805_2012Metric","C25744"
"2.2K 1%","R135","R_0805_2012Metric","C25744"
"2.2K 1%","R89","R_0805_2012Metric","C25744"
"2.2K 1%","R128","R_0805_2012Metric","C25744"
"2.2K 1%","R137","R_0805_2012Metric","C25744"
"2.2K 1%","R144","R_0805_2012Metric","C25744"
"2.2K 1%","R96","R_0805_2012Metric","C25744"
"2.2K 1%","R123","R_0805_2012Metric","C25744"
"2.2K 1%","R97","R_0805_2012Metric","C25744"
"2.2K 1%","R95","R_0805_2012Metric","C25744"
"2.2K 1%","R94","R_0805_2012Metric","C25744"
"2.2K 1%","R143","R_0805_2012Metric","C25744"
"2.2K 1%","R142","R_0805_2012Metric","C25744"
"2.2K 1%","R141","R_0805_2012Metric","C25744"
"2.2K 1%","R2","R_0805_2012Metric","C25744"
"2.2K 1%","R3","R_0805_2012Metric","C25744"
"2.2K 1%","R4","R_0805_2012Metric","C25744"
"2.2K 1%","R28","R_0805_2012Metric","C25744"
"2.2K 1%","R17","R_0805_2012Metric","C25744"
"2.2K 1%","R16","R_0805_2012Metric","C25744"
"2.2K 1%","R27","R_0805_2012Metric","C25744"
"100k","R101","R_0805_2012Metric","C25804"
"100k","R98","R_0805_2012Metric","C25804"
"100k","R120","R_0805_2012Metric","C25804"
"100k","R99","R_0805_2012Metric","C25804"
"100k","R100","R_0805_2012Metric","C25804"
"100k","R103","R_0805_2012Metric","C25804"
"100k","R121","R_0805_2012Metric","C25804"
"100k","R102","R_0805_2012Metric","C25804"
"10k","R122","R_0805_2012Metric","C25740"
"10k","R78","R_0805_2012Metric","C25740"
"10k","R79","R_0805_2012Metric","C25740"
"10k","R86","R_0805_2012Metric","C25740"
"10k","R82","R_0805_2012Metric","C25740"
"10k","R85","R_0805_2012Metric","C25740"
"10k","R75","R_0805_2012Metric","C25740"
"10k","R84","R_0805_2012Metric","C25740"
"10k","R77","R_0805_2012Metric","C25740"
"10k","R74","R_0805_2012Metric","C25740"
"10k","R73","R_0805_2012Metric","C25740"
"10k","R72","R_0805_2012Metric","C25740"
"10k","R18","R_0805_2012Metric","C25740"
"100uF","C91","CP_EIA-7343-31_Kemet-D","C7226"
"1uf","C116","C_0805_2012Metric","C19702"
"1uf","C117","C_0805_2012Metric","C19702"
"1uf","C118","C_0805_2012Metric","C19702"
"1uf","C119","C_0805_2012Metric","C19702"
"1uf","C121","C_0805_2012Metric","C19702"
"1uf","C124","C_0805_2012Metric","C19702"
"1uf","C125","C_0805_2012Metric","C19702"
"1uf","C127","C_0805_2012Metric","C19702"
"1uf","C128","C_0805_2012Metric","C19702"
"1uf","C132","C_0805_2012Metric","C19702"
"1uf","C133","C_0805_2012Metric","C19702"
"1uf","C134","C_0805_2012Metric","C19702"
"1uf","C135","C_0805_2012Metric","C19702"
"1uf","C37","C_0805_2012Metric","C19702"
"1uf","C35","C_0805_2012Metric","C19702"
"1uf","C28","C_0805_2012Metric","C19702"
"1uf","C34","C_0805_2012Metric","C19702"
"1uf","C26","C_0805_2012Metric","C19702"
"1uf","C32","C_0805_2012Metric","C19702"
"1uf","C30","C_0805_2012Metric","C19702"
"1uf","C27","C_0805_2012Metric","C19702"
"1uf","C22","C_0805_2012Metric","C19702"
"1uf","C24","C_0805_2012Metric","C19702"
"1uf","C23","C_0805_2012Metric","C19702"
"1uf","C25","C_0805_2012Metric","C19702"
"1uf","C36","C_0805_2012Metric","C19702"
"1uf","C33","C_0805_2012Metric","C19702"
"1uf","C31","C_0805_2012Metric","C19702"
"1uf","C29","C_0805_2012Metric","C19702"
"1uf","C9","C_0805_2012Metric","C19702"
"1uf","C8","C_0805_2012Metric","C19702"
"1uf","C10","C_0805_2012Metric","C19702"
"1uf","C111","C_0805_2012Metric","C19702"
"1uf","C104","C_0805_2012Metric","C19702"
"1uf","C110","C_0805_2012Metric","C19702"
"1uf","C106","C_0805_2012Metric","C19702"
"1uf","C103","C_0805_2012Metric","C19702"
"1uf","C62","C_0805_2012Metric","C19702"
"1uf","C85","C_0805_2012Metric","C19702"
"1uf","C105","C_0805_2012Metric","C19702"
"1uf","C101","C_0805_2012Metric","C19702"
"1uf","C100","C_0805_2012Metric","C19702"
"1uf","C87","C_0805_2012Metric","C19702"
"1uf","C107","C_0805_2012Metric","C19702"
"1uf","C63","C_0805_2012Metric","C19702"
"1uf","C6","C_0805_2012Metric","C19702"
"1uf","C86","C_0805_2012Metric","C19702"
"1uf","C2","C_0805_2012Metric","C19702"
"1uf","C5","C_0805_2012Metric","C19702"
"1uf","C38","C_0805_2012Metric","C19702"
"1uf","C39","C_0805_2012Metric","C19702"
"1uf","C40","C_0805_2012Metric","C19702"
"1uf","C83","C_0805_2012Metric","C19702"
"1uf","C82","C_0805_2012Metric","C19702"
"1uf","C141","C_0805_2012Metric","C19702"
"1uf","C81","C_0805_2012Metric","C19702"
"1uf","C80","C_0805_2012Metric","C19702"
"1uf","C21","C_0805_2012Metric","C19702"
"1uf","C19","C_0805_2012Metric","C19702"
"1uf","C18","C_0805_2012Metric","C19702"
"1uf","C20","C_0805_2012Metric","C19702"
"1uf","C17","C_0805_2012Metric","C19702"
"1uf","C61","C_0805_2012Metric","C19702"
"1uf","C59","C_0805_2012Metric","C19702"
"1uf","C77","C_0805_2012Metric","C19702"
"1uf","C76","C_0805_2012Metric","C19702"
"1uf","C60","C_0805_2012Metric","C19702"
"1uf","C88","C_0805_2012Metric","C19702"
"C","C120","C_0805_2012Metric",
"C","C122","C_0805_2012Metric",
"0.022-μF","C123","C_0805_2012Metric","C15253"
"0.022-μF","C126","C_0805_2012Metric","C15253"
"0.022-μF","C137","C_0805_2012Metric","C15253"
"100uf","C129","CP_EIA-7343-31_Kemet-D","C7226"
"100uf","C130","CP_EIA-7343-31_Kemet-D","C7226"
"100uf","CT1","CP_EIA-7343-31_Kemet-D","C7226"
"100uf","CT3","CP_EIA-7343-31_Kemet-D","C7226"
"100uf","C78","CP_EIA-7343-31_Kemet-D","C7226"
"100uf","CT2","CP_EIA-7343-31_Kemet-D","C7226"
"10uf","C131","CP_EIA-3528-21_Kemet-B","C19633"
"10uf","CT8","CP_EIA-3528-21_Kemet-B","C19633"
"10uf","CT9","CP_EIA-3528-21_Kemet-B","C19633"
"10uf","CT7","CP_EIA-3528-21_Kemet-B","C19633"
"10uf","CT6","CP_EIA-3528-21_Kemet-B","C19633"
"10uf","CT5","CP_EIA-3528-21_Kemet-B","C19633"
"10uf","CT4","CP_EIA-3528-21_Kemet-B","C19633"
"Conn_01x22_Female","DSI1","Hirose_FH12-22S-0.5SH_1x22-1MP_P0.50mm_Horizontal",
"Conn_01x22_Female","DSI2","Hirose_FH12-22S-0.5SH_1x22-1MP_P0.50mm_Horizontal",
"USB3_A","J2","MTCONN_UBAF30-D2011",
"690-019-298-412","J3","EDAC 690-019-298-412",
"690-019-298-412","J4","EDAC 690-019-298-412",
"THD-02-R","J11","PinHeader_2x02_P2.54mm_Vertical",
"THD-02-R","J13","PinHeader_2x02_P2.54mm_Vertical",
"15K 1%","R1","R_0805_2012Metric","C25746"
"15K 1%","R56","R_0805_2012Metric","C25746"
"15K 1%","R60","R_0805_2012Metric","C25746"
"15K 1%","R58","R_0805_2012Metric","C25746"
"15K 1%","R26","R_0805_2012Metric","C25746"
"15K 1%","R66","R_0805_2012Metric","C25746"
"15K 1%","R68","R_0805_2012Metric","C25746"
"47k","R104","R_0805_2012Metric","C25786"
"47k","R105","R_0805_2012Metric","C25786"
"47k","R87","R_0805_2012Metric","C25786"
"1.5-kΩ","R106","R_0805_2012Metric","C25741"
"1.5-kΩ","R107","R_0805_2012Metric","C25741"
"22","R108","R_0805_2012Metric","C25712"
"22Ω","R109","R_0805_2012Metric","C25712"
"R","R110","R_0805_2012Metric",
"16","R111","R_0805_2012Metric","C28249"
"16","R112","R_0805_2012Metric","C28249"
"330","R113","R_0805_2012Metric","C25760"
"330","R114","R_0805_2012Metric","C25760"
"10K","R115","R_0805_2012Metric","C25740"
"10K","R116","R_0805_2012Metric","C25740"
"10K","R117","R_0805_2012Metric","C25740"
"10K","R118","R_0805_2012Metric","C25740"
"10K","R119","R_0805_2012Metric","C25740"
"Conn_01x02_Pin","SPEAKER1","JST_PH_B2B-PH-K_1x02_P2.00mm_Vertical",
"Conn_01x02_Pin","J32","JST_PH_B2B-PH-K_1x02_P2.00mm_Vertical",
"Conn_01x02_Pin","J31","JST_PH_B2B-PH-K_1x02_P2.00mm_Vertical",
"Conn_01x06_Socket","SPI1","JST_PH_B6B-PH-K_1x06_P2.00mm_Vertical",
"Conn_01x06_Socket","SPI2","JST_PH_B6B-PH-K_1x06_P2.00mm_Vertical",
"Conn_01x06_Socket","SPI3","JST_PH_B6B-PH-K_1x06_P2.00mm_Vertical",
"Conn_01x06_Socket","SPI4","JST_PH_B6B-PH-K_1x06_P2.00mm_Vertical",
"SW_Push","SW2","PinHeader_1x02_P2.54mm_Vertical",
"SW_Push","SW3","PinHeader_1x02_P2.54mm_Vertical",
"SW_Push","SW4","PinHeader_1x02_P2.54mm_Vertical",
"TS5A23157DGSR","U59","SOP50P490X110-10N","C117362"
"TS5A23157DGSR","U60","SOP50P490X110-10N","C117362"
"TS5A23157DGSR","U61","SOP50P490X110-10N","C117362"
"TS5A23157DGSR","U62","SOP50P490X110-10N","C117362"
"TS5A23157DGSR","U2","SOP50P490X110-10N","C117362"
"PCM2704C","U64","SSOP28","C107573"
"5MHz","Y3","Crystal_SMD_HC49-SD",
"100n","C7","C_0805_2012Metric","C1744"
"100n","C11","C_0805_2012Metric","C1744"
"100n","C42","C_0805_2012Metric","C1744"
"100n","C41","C_0805_2012Metric","C1744"
"100n","C45","C_0805_2012Metric","C1744"
"100n","C43","C_0805_2012Metric","C1744"
"100n","C44","C_0805_2012Metric","C1744"
"100n","C46","C_0805_2012Metric","C1744"
"100n","C65","C_0805_2012Metric","C1744"
"100n","C66","C_0805_2012Metric","C1744"
"100n","C67","C_0805_2012Metric","C1744"
"100n","C64","C_0805_2012Metric","C1744"
"100n","C90","C_0805_2012Metric","C1744"
"100n","C89","C_0805_2012Metric","C1744"
"LED Green","D1","D_1206_3216Metric",
"LED Green","D3","D_1206_3216Metric",
"LED Red","D2","D_1206_3216Metric",
"470R","R13","R_0805_2012Metric","C25774"
"470R","R12","R_0805_2012Metric","C25774"
"0R","R10","R_0805_2012Metric","C17513"
"1k","R8","R_0805_2012Metric","C25734"
"1k","R9","R_0805_2012Metric","C25734"
"1k","R70","R_0805_2012Metric","C25734"
"1k","R69","R_0805_2012Metric","C25734"
"1k","R71","R_0805_2012Metric","C25734"
"1k","R15","R_0805_2012Metric","C25734"
"4.7k","R7","R_0805_2012Metric","C25785"
"4.7k","R5","R_0805_2012Metric","C25785"
"4.7k","R6","R_0805_2012Metric","C25785"
"Conn_01x04_Socket","J12","JST_PH_B4B-PH-K_1x04_P2.00mm_Vertical",
"SW_DIP_x08","DSW2","SW_DIP_SPSTx08_Slide_Copal_CHS-08A_W5.08mm_P1.27mm_JPin",
"SW_DIP_x08","DSW1","SW_DIP_SPSTx08_Slide_Copal_CHS-08A_W5.08mm_P1.27mm_JPin",
"SW_DIP_x08","DSW3","SW_DIP_SPSTx08_Slide_Copal_CHS-08A_W5.08mm_P1.27mm_JPin",
"THD-20-R","GPIO1","PinHeader_2x20_P2.54mm_Vertical",
"74LVC1G07SE-7","U3","SOT-353_SC-70-5","C96964"
"TPD4EUSB30","U5","USON-10_2.5x1.0mm_P0.5mm","C164522"
"TPD4EUSB30","U4","USON-10_2.5x1.0mm_P0.5mm","C164522"
"TPD4EUSB30","U14","USON-10_2.5x1.0mm_P0.5mm","C164522"
"TPD4EUSB30","U10","USON-10_2.5x1.0mm_P0.5mm","C164522"
"TPD4EUSB30","U12","USON-10_2.5x1.0mm_P0.5mm","C164522"
"10u","C3","CP_EIA-3528-21_Kemet-B","C19633"
"10u","C1","CP_EIA-3528-21_Kemet-B","C19633"
"10u","C4","CP_EIA-3528-21_Kemet-B","C19633"
"10u","C15","CP_EIA-3528-21_Kemet-B","C19633"
"22pF","C113","C_0805_2012Metric","C1629"
"22pF","C112","C_0805_2012Metric","C1629"
"0.1uF","C109","C_0805_2012Metric","C1744"
"0.1uF","C108","C_0805_2012Metric","C1744"
"470uf","C102","CP_Elec_8x10",
"470uf","C139","CP_Elec_8x10",
"470uf","C140","CP_Elec_8x10",
"470uf","C143","CP_Elec_8x10",
"470uf","C142","CP_Elec_8x10",
"470uf","C97","CP_Elec_8x10",
"470uf","C56","CP_Elec_8x10",
"470uf","C58","CP_Elec_8x10",
"470uf","C57","CP_Elec_8x10",
"470uf","C75","CP_Elec_8x10",
"470uf","C74","CP_Elec_8x10",
"100nf","C84","C_0805_2012Metric","C1744"
"100nf","C79","C_0805_2012Metric","C1744"
"100nf","C13","C_0805_2012Metric","C1744"
"32.768MHz","Y4","Crystal_SMD_HC49-SD",
"PCA9685PW","U67","TSSOP-28_4.4x9.7mm_P0.65mm","C93264"
"MCP23S17_SO","U54","SSOP-28_3.9x9.9mm_P0.635mm","C96123"
"MCP23S17_SO","U53","SSOP-28_3.9x9.9mm_P0.635mm","C96123"
"BNO080","U57","LGA-28_5.2x3.8mm_P0.5mm",""
"TMC2240_SILENTSTEPSTICK","U50","TMC2209",
"TMC2240_SILENTSTEPSTICK","U51","TMC2209",
"TMC2240_SILENTSTEPSTICK","U49","TMC2209",
"TMC2240_SILENTSTEPSTICK","U48","TMC2209",
"BME280","U56","Bosch_LGA-8_2.5x2.5mm_P0.65mm_ClockwisePinNumbering","C278335"
"ICM-45686","U55","IC_ICM-45686",
"74HC240","U47","TSSOP-20_4.4x6.5mm_P0.65mm",""
"TB6612FNG","U52","SSOP-24_5.3x8.2mm_P0.65mm","C141517"
"Conn_02x14_Counter_Clockwise","GPIO2","PinHeader_2x14_P2.54mm_Vertical",
"0.025Ω","R48","R_1206_3216Metric",
"0.025Ω","R45","R_1206_3216Metric",
"0.025Ω","R46","R_1206_3216Metric",
"0.025Ω","R47","R_1206_3216Metric",
"0.025Ω","R44","R_1206_3216Metric",
"0.025Ω","R43","R_1206_3216Metric",
"0.025Ω","R40","R_1206_3216Metric",
"0.025Ω","R42","R_1206_3216Metric",
"0.025Ω","R41","R_1206_3216Metric",
"0.025Ω","R39","R_1206_3216Metric",
"0.025Ω","R38","R_1206_3216Metric",
"0.025Ω","R37","R_1206_3216Metric",
"0.025Ω","R35","R_1206_3216Metric",
"0.025Ω","R34","R_1206_3216Metric",
"0.025Ω","R33","R_1206_3216Metric",
"0.025Ω","R36","R_1206_3216Metric",
"IRLML2502","Q25","SOT-23","C8343"
"IRLML2502","Q22","SOT-23","C8343"
"IRLML2502","Q20","SOT-23","C8343"
"IRLML2502","Q23","SOT-23","C8343"
"IRLML2502","Q21","SOT-23","C8343"
"IRLML2502","Q24","SOT-23","C8343"
"IRLML2502","Q18","SOT-23","C8343"
"IRLML2502","Q17","SOT-23","C8343"
"IRLML2502","Q16","SOT-23","C8343"
"IRLML2502","Q15","SOT-23","C8343"
"IRLML2502","Q14","SOT-23","C8343"
"IRLML2502","Q13","SOT-23","C8343"
"IRLML2502","Q11","SOT-23","C8343"
"IRLML2502","Q12","SOT-23","C8343"
"IRLML2502","Q8","SOT-23","C8343"
"IRLML2502","Q7","SOT-23","C8343"
"IRLML2502","Q6","SOT-23","C8343"
"IRLML2502","Q5","SOT-23","C8343"
"IRLML2502","Q4","SOT-23","C8343"
"IRLML2502","Q9","SOT-23","C8343"
"IRLML2502","Q10","SOT-23","C8343"
"Stepper_Motor_unipolar_6pin","M7","JST_PH_B6B-PH-K_1x06_P2.00mm_Vertical",
"Stepper_Motor_unipolar_6pin","M6","JST_PH_B6B-PH-K_1x06_P2.00mm_Vertical",
"Stepper_Motor_unipolar_6pin","M4","JST_PH_B6B-PH-K_1x06_P2.00mm_Vertical",
"Stepper_Motor_unipolar_6pin","M5","JST_PH_B6B-PH-K_1x06_P2.00mm_Vertical",
"SS8050-G","Q3","SOT-23","C2048"
"SS8050-G","Q2","SOT-23","C2048"
"Conn_01x04_Pin","I2C_2","JST_PH_B4B-PH-K_1x04_P2.00mm_Vertical",
"Conn_01x04_Pin","I2C_1","JST_PH_B4B-PH-K_1x04_P2.00mm_Vertical",
"Conn_01x04_Pin","I2C_0x70_1","JST_PH_B4B-PH-K_1x04_P2.00mm_Vertical",
"Conn_01x04_Pin","I2C_0x70_3","JST_PH_B4B-PH-K_1x04_P2.00mm_Vertical",
"Conn_01x04_Pin","I2C_0x70_5","JST_PH_B4B-PH-K_1x04_P2.00mm_Vertical",
"Conn_01x04_Pin","I2C_0x70_2","JST_PH_B4B-PH-K_1x04_P2.00mm_Vertical",
"Conn_01x04_Pin","I2C_0x70_4","JST_PH_B4B-PH-K_1x04_P2.00mm_Vertical",
"Conn_01x04_Pin","I2C_0x71_3","JST_PH_B4B-PH-K_1x04_P2.00mm_Vertical",
"Conn_01x04_Pin","I2C_0x70_7","JST_PH_B4B-PH-K_1x04_P2.00mm_Vertical",
"Conn_01x04_Pin","I2C_0x71_4","JST_PH_B4B-PH-K_1x04_P2.00mm_Vertical",
"Conn_01x04_Pin","I2C_0x70_8","JST_PH_B4B-PH-K_1x04_P2.00mm_Vertical",
"Conn_01x04_Pin","I2C_0x71_2","JST_PH_B4B-PH-K_1x04_P2.00mm_Vertical",
"Conn_01x04_Pin","I2C_0x71_5","JST_PH_B4B-PH-K_1x04_P2.00mm_Vertical",
"Conn_01x04_Pin","I2C_0x71_1","JST_PH_B4B-PH-K_1x04_P2.00mm_Vertical",
"Conn_01x04_Pin","I2C_0x71_7","JST_PH_B4B-PH-K_1x04_P2.00mm_Vertical",
"Conn_01x04_Pin","I2C_0x71_8","JST_PH_B4B-PH-K_1x04_P2.00mm_Vertical",
"Conn_01x04_Pin","I2C_0x70_6","JST_PH_B4B-PH-K_1x04_P2.00mm_Vertical",
"Conn_01x04_Pin","JI2C_0x71_6","JST_PH_B4B-PH-K_1x04_P2.00mm_Vertical",
"690-008-221-904","J7","MOLEX_USB_67298-4090",
"XT60-M","J1","AMASS_XT60-M_1x02_P7.20mm_Vertical",
"Conn_01x02_Socket","DC6","JST_PH_B2B-PH-K_1x02_P2.00mm_Vertical",
"Conn_01x02_Socket","DC3","JST_PH_B2B-PH-K_1x02_P2.00mm_Vertical",
"Conn_01x02_Socket","DC4","JST_PH_B2B-PH-K_1x02_P2.00mm_Vertical",
"Conn_01x02_Socket","DC5","JST_PH_B2B-PH-K_1x02_P2.00mm_Vertical",
"Conn_01x02_Socket","DC2","JST_PH_B2B-PH-K_1x02_P2.00mm_Vertical",
"Conn_01x02_Socket","DC1","JST_PH_B2B-PH-K_1x02_P2.00mm_Vertical",
"FerriteBead","FB2","R_2512_6332Metric",
"FerriteBead","FB1","R_2512_6332Metric",
"Conn_01x03_Socket","SERVO2","JST_PH_B3B-PH-K_1x03_P2.00mm_Vertical",
"Conn_01x03_Socket","SERVO1","JST_PH_B3B-PH-K_1x03_P2.00mm_Vertical",
"Conn_01x03_Socket","SERVO3","JST_PH_B3B-PH-K_1x03_P2.00mm_Vertical",
"Conn_01x03_Socket","SERVO4","JST_PH_B3B-PH-K_1x03_P2.00mm_Vertical",
"320","R81","R_0805_2012Metric",
"320","R83","R_0805_2012Metric",
"320","R80","R_0805_2012Metric",
"320","R76","R_0805_2012Metric",
"TCA9548APWR","U45","TSSOP-24_4.4x7.8mm_P0.65mm","C102347"
"TCA9548APWR","U46","TSSOP-24_4.4x7.8mm_P0.65mm","C102347"
"INA226","U30","VSSOP-10_3x3mm_P0.5mm","C49851"
"INA226","U28","VSSOP-10_3x3mm_P0.5mm","C49851"
"INA226","U21","VSSOP-10_3x3mm_P0.5mm","C49851"
"INA226","U27","VSSOP-10_3x3mm_P0.5mm","C49851"
"INA226","U26","VSSOP-10_3x3mm_P0.5mm","C49851"
"INA226","U25","VSSOP-10_3x3mm_P0.5mm","C49851"
"INA226","U20","VSSOP-10_3x3mm_P0.5mm","C49851"
"INA226","U15","VSSOP-10_3x3mm_P0.5mm","C49851"
"INA226","U18","VSSOP-10_3x3mm_P0.5mm","C49851"
"INA226","U17","VSSOP-10_3x3mm_P0.5mm","C49851"
"INA226","U23","VSSOP-10_3x3mm_P0.5mm","C49851"
"INA226","U19","VSSOP-10_3x3mm_P0.5mm","C49851"
"INA226","U29","VSSOP-10_3x3mm_P0.5mm","C49851"
"INA226","U22","VSSOP-10_3x3mm_P0.5mm","C49851"
"INA226","U24","VSSOP-10_3x3mm_P0.5mm","C49851"
"INA226","U16","VSSOP-10_3x3mm_P0.5mm","C49851"
"ASEK-32.768KHZ-L-R-T","U7","Crystal_SMD_3225-4Pin_3.2x2.5mm",
"TestPoint","TP1","TestPoint_Pad_D2.0mm",
"TestPoint","TP2","TestPoint_Pad_D2.0mm",
"TestPoint","TP3","TestPoint_Pad_D2.0mm",
"TestPoint","TP7","TestPoint_Pad_D2.0mm",
"TestPoint","TP8","TestPoint_Pad_D2.0mm",
"TestPoint","TP12","TestPoint_Pad_D2.0mm",
"TestPoint","TP10","TestPoint_Pad_D2.0mm",
"TestPoint","TP15","TestPoint_Pad_D2.0mm",
"TestPoint","TP11","TestPoint_Pad_D2.0mm",
"TestPoint","TP9","TestPoint_Pad_D2.0mm",
"TestPoint","TP13","TestPoint_Pad_D2.0mm",
"TestPoint","TP16","TestPoint_Pad_D2.0mm",
"TestPoint","TP14","TestPoint_Pad_D2.0mm",
"TestPoint","TP4","TestPoint_Pad_D2.0mm",
"LED","D7","D_1206_3216Metric",
"LED","D9","D_1206_3216Metric",
"LED","D8","D_1206_3216Metric",
"LED","D10","D_1206_3216Metric",
"LED","D4","D_1206_3216Metric",
"LED","D6","D_1206_3216Metric",
"LED","D5","D_1206_3216Metric",
"Battery_Cell","BT1","JST_PH_B2B-PH-K_1x02_P2.00mm_Vertical",
"ADS8688","U63","TSSOP-38_4.4x9.7mm_P0.5mm","C349090"
"TestPoint","TP5","TestPoint_Pad_D4.0mm",
"TestPoint","TP6","TestPoint_Pad_D4.0mm",
"ESP32-S3-WROOM-2","ESP1","ESP32-S3-WROOM-2","C3021270"
"100K 1%","R14","R_0805_2012Metric","C25804"
"1.2nF","C50","C_0805_2012Metric","C15634"
"1.2nF","C52","C_0805_2012Metric","C15634"
"1.2nF","C51","C_0805_2012Metric","C15634"
"1.2nF","C71","C_0805_2012Metric","C15634"
"1.2nF","C70","C_0805_2012Metric","C15634"
"nf","C54","C_0805_2012Metric",
"nf","C53","C_0805_2012Metric",
"nf","C49","C_0805_2012Metric",
"nf","C48","C_0805_2012Metric",
"nf","C47","C_0805_2012Metric",
"nf","C55","C_0805_2012Metric",
"nf","C73","C_0805_2012Metric",
"nf","C69","C_0805_2012Metric",
"nf","C68","C_0805_2012Metric",
"nf","C72","C_0805_2012Metric",
"470uF","C16","CP_Elec_8x10",
"27pF","C12","C_0805_2012Metric","C1635"
"27pF","C14","C_0805_2012Metric","C1635"
"24MHz","Y1","Crystal_SMD_HC49-SD",
"12K 1%","R63","R_0805_2012Metric","C25742"
"12K 1%","R54","R_0805_2012Metric","C25742"
"12K 1%","R53","R_0805_2012Metric","C25742"
"12K 1%","R52","R_0805_2012Metric","C25742"
"12K 1%","R22","R_0805_2012Metric","C25742"
"12K 1%","R64","R_0805_2012Metric","C25742"
"10R","R62","R_0805_2012Metric","C25708"
"10R","R61","R_0805_2012Metric","C25708"
"10R","R50","R_0805_2012Metric","C25708"
"10R","R51","R_0805_2012Metric","C25708"
"10R","R49","R_0805_2012Metric","C25708"
"47K 1%","R57","R_0805_2012Metric","C25786"
"47K 1%","R59","R_0805_2012Metric","C25786"
"47K 1%","R55","R_0805_2012Metric","C25786"
"47K 1%","R65","R_0805_2012Metric","C25786"
"47K 1%","R67","R_0805_2012Metric","C25786"
"5.1K 1%","R31","R_0805_2012Metric","C25790"
"5.1K 1%","R30","R_0805_2012Metric","C25790"
"5.1K 1%","R32","R_0805_2012Metric","C25790"
"5.1K 1%","R29","R_0805_2012Metric","C25790"
"5.1K 1%","R24","R_0805_2012Metric","C25790"
"5.1K 1%","R23","R_0805_2012Metric","C25790"
"36K 1%","R21","R_0805_2012Metric","C25770"
"36K 1%","R19","R_0805_2012Metric","C25770"
"36K 1%","R25","R_0805_2012Metric","C25770"
"36K 1%","R20","R_0805_2012Metric","C25770"
"SRN6045TA-3R3Y","L5","L_Bourns_SRN6045TA","C132225"
"SRN6045TA-3R3Y","L4","L_Bourns_SRN6045TA","C132225"
"SRN6045TA-3R3Y","L2","L_Bourns_SRN6045TA","C132225"
"SRN6045TA-3R3Y","L3","L_Bourns_SRN6045TA","C132225"
"SRN6045TA-3R3Y","L1","L_Bourns_SRN6045TA","C132225"
"FSUSB42MUX","U13","MSOP-10_3x3mm_P0.5mm","C129299"
"FSUSB42MUX","U8","MSOP-10_3x3mm_P0.5mm","C129299"
"AP22653W6","U9","SOT-23-6","C173169"
"AP22653W6","U6","SOT-23-6","C173169"
"470uf","C96","C_0805_2012Metric",
"470uf","C98","C_0805_2012Metric",
"470uf","C99","C_0805_2012Metric",
"TPA6203A1DGN","U65","MSOP-8-1EP_3x3mm_P0.65mm_EP1.95x2.15mm_ThermalVias",
"CH343P","U37","QFN-16-1EP_3x3mm_P0.5mm_EP1.7x1.7mm_ThermalVias",
"AP64501SP-13","U35","SOIC-8-1EP_3.9x4.9mm_P1.27mm_EP2.95x4.9mm_Mask2.71x3.4mm_ThermalVias","C2071517"
"AP64501SP-13","U34","SOIC-8-1EP_3.9x4.9mm_P1.27mm_EP2.95x4.9mm_Mask2.71x3.4mm_ThermalVias","C2071517"
"AP64501SP-13","U33","SOIC-8-1EP_3.9x4.9mm_P1.27mm_EP2.95x4.9mm_Mask2.71x3.4mm_ThermalVias","C2071517"
"AP64501SP-13","U32","SOIC-8-1EP_3.9x4.9mm_P1.27mm_EP2.95x4.9mm_Mask2.71x3.4mm_ThermalVias","C2071517"
"AP64501SP-13","U31","SOIC-8-1EP_3.9x4.9mm_P1.27mm_EP2.95x4.9mm_Mask2.71x3.4mm_ThermalVias","C2071517"
"USB2514B-I/M2","U11","QFN-36-1EP_6x6mm_P0.5mm_EP3.7x3.7mm","C162597"
"Right angle Tact button","SW1","SW_Tactile_SPST_Angled_PTS645Vx58-2LFS",
"IRLHM630PbF","Q26","PQFN_8x8",
"IRLHM630PbF","Q1","PQFN_8x8",
"ComputeModule5-CM5","Module1","Raspberry-Pi-5-Compute-Module",
"USB_C_Receptacle_USB2.0_16P","J10","USB_C_Receptacle_Palconn_UTC16-G",
"USB_C_Receptacle_USB2.0_16P","J9","USB_C_Receptacle_Palconn_UTC16-G",
"USB_C_Receptacle_USB2.0_16P","J8","USB_C_Receptacle_Palconn_UTC16-G",
"Bus_M.2_Socket_M","J6","M.2 M Key socket",
"MagJack-A70-112-331N126","J5","TRJG0926HENL",
"RT9742SNGV","U36","TSOT-23","C167906"