Ref,Val,Package,PosX,PosY,Rot,Side
"C23,""1uf"",""C_0805_2012Metric"",39.318500,-125.856500,0.000000,top"
"C25,""1uf"",""C_0805_2012Metric"",39.318500,-131.876500,0.000000,top"
"C27,""1uf"",""C_0805_2012Metric"",43.768500,-125.856500,0.000000,top"
"C29,""1uf"",""C_0805_2012Metric"",43.768500,-131.876500,0.000000,top"
"C30,""1uf"",""C_0805_2012Metric"",48.218500,-122.846500,0.000000,top"
"C31,""1uf"",""C_0805_2012Metric"",48.218500,-125.856500,0.000000,top"
"C34,""1uf"",""C_0805_2012Metric"",52.668500,-122.846500,0.000000,top"
"C35,""1uf"",""C_0805_2012Metric"",52.668500,-125.856500,0.000000,top"
"C38,""4,7uf"",""C_0805_2012Metric"",224.408500,-138.591500,0.000000,top"
"C40,""4,7uf"",""C_0805_2012Metric"",224.408500,-141.601500,0.000000,top"
"C41,""100n"",""C_0805_2012Metric"",154.618500,-110.601500,-90.000000,top"
"C43,""100n"",""C_0805_2012Metric"",154.692250,-97.846500,-90.000000,top"
"C44,""100n"",""C_0805_2012Metric"",153.758500,-119.541500,0.000000,top"
"C45,""4,7uf"",""C_0805_2012Metric"",187.408500,-98.541500,90.000000,top"
"C46,""100n"",""C_0805_2012Metric"",153.808500,-106.541500,0.000000,top"
"C47,""68pf"",""C_0805_2012Metric"",162.101000,-115.296500,0.000000,top"
"C48,""4,7uf"",""C_0805_2012Metric"",185.208500,-98.541500,90.000000,top"
"C49,""68pf"",""C_0805_2012Metric"",162.142250,-102.446500,0.000000,top"
"C50,""1.2nF"",""C_0805_2012Metric"",165.701000,-114.196500,-90.000000,top"
"C51,""4,7uf"",""C_0805_2012Metric"",194.408500,-98.541500,90.000000,top"
"C52,""1.2nF"",""C_0805_2012Metric"",165.759750,-101.211500,-90.000000,top"
"C53,""68pf"",""C_0805_2012Metric"",161.401000,-118.196500,90.000000,top"
"C55,""68pf"",""C_0805_2012Metric"",161.442250,-105.346500,90.000000,top"
"C56,""4,7uf"",""C_0805_2012Metric"",179.908500,-97.441500,0.000000,top"
"C57,""4,7uf"",""C_0805_2012Metric"",223.171000,-147.586500,0.000000,top"
"C59,""4,7uf"",""C_0805_2012Metric"",223.171000,-150.596500,0.000000,top"
"C61,""4,7uf"",""C_0805_2012Metric"",189.608500,-98.541500,90.000000,top"
"C62,""4,7uf"",""C_0805_2012Metric"",198.808500,-98.541500,90.000000,top"
"C63,""4,7uf"",""C_0805_2012Metric"",196.608500,-98.541500,90.000000,top"
"C64,""100n"",""C_0805_2012Metric"",146.038500,-101.141500,90.000000,top"
"C66,""100n"",""C_0805_2012Metric"",146.838500,-92.141500,180.000000,top"
"C68,""68pf"",""C_0805_2012Metric"",138.438500,-95.541500,180.000000,top"
"C70,""1.2nF"",""C_0805_2012Metric"",134.688500,-96.591500,90.000000,top"
"C72,""68pf"",""C_0805_2012Metric"",139.138500,-92.591500,-90.000000,top"
"C96,""470uf"",""CP_Elec_8x10"",103.708500,-140.149000,90.000000,top"
"C97,""470uf"",""CP_Elec_8x10"",122.458500,-140.199000,90.000000,top"
"C98,""470uf"",""CP_Elec_8x10"",141.058500,-140.149000,90.000000,top"
"C99,""470uf"",""CP_Elec_8x10"",159.658500,-140.149000,90.000000,top"
"C100,""1uf"",""C_0805_2012Metric"",88.653500,-100.621500,0.000000,top"
"C101,""1uf"",""C_0805_2012Metric"",88.653500,-103.631500,0.000000,top"
"C141,""1uf"",""C_0805_2012Metric"",48.308500,-71.021500,0.000000,top"
"C144,""100n"",""C_0805_2012Metric"",128.258500,-99.441500,90.000000,top"
"C145,""100n"",""C_0805_2012Metric"",117.508500,-99.441500,90.000000,top"
"C146,""330pf"",""C_0805_2012Metric"",117.608500,-109.791500,90.000000,top"
"C151,""4,7uf"",""C_0805_2012Metric"",128.758500,-106.391500,0.000000,top"
"C152,""4,7uf"",""C_0805_2012Metric"",134.908500,-108.891500,180.000000,top"
"C153,""100n"",""C_0805_2012Metric"",135.408500,-115.841500,-90.000000,top"
"C154,""100n"",""C_0805_2012Metric"",146.158500,-115.841500,-90.000000,top"
"C155,""330pf"",""C_0805_2012Metric"",146.058500,-105.491500,-90.000000,top"
"CT5,""10uf"",""CP_EIA-3528-21_Kemet-B"",53.450000,-181.700000,90.000000,top"
"D7,""LED"",""D_1206_3216Metric"",197.308500,-112.741500,0.000000,top"
"D8,""LED"",""D_1206_3216Metric"",113.058500,-148.241500,90.000000,top"
"D9,""LED"",""D_1206_3216Metric"",131.758500,-148.241500,90.000000,top"
"D10,""LED"",""D_1206_3216Metric"",150.358500,-148.241500,90.000000,top"
"D11,""LED"",""D_1206_3216Metric"",168.958500,-148.241500,90.000000,top"
"D12,""LED"",""D_1206_3216Metric"",183.958500,-112.741500,0.000000,top"
"D13,""LED"",""D_1206_3216Metric"",204.608500,-102.391500,-90.000000,top"
"D14,""LED"",""D_1206_3216Metric"",226.871000,-147.286500,90.000000,top"
"D15,""LED"",""D_1206_3216Metric"",131.750000,-137.950000,90.000000,top"
"D17,""LED"",""D_1206_3216Metric"",199.258500,-130.741500,155.000000,top"
"D18,""LED"",""D_1206_3216Metric"",203.258500,-133.741500,130.000000,top"
"D19,""LED"",""D_1206_3216Metric"",204.908500,-138.291500,90.000000,top"
"D20,""LED"",""D_1206_3216Metric"",199.258500,-126.441500,45.000000,top"
"D21,""LED"",""D_1206_3216Metric"",194.408500,-128.391500,0.000000,top"
"D22,""LED"",""D_1206_3216Metric"",194.358500,-130.691500,180.000000,top"
"D23,""LED"",""D_1206_3216Metric"",194.258500,-115.191500,180.000000,top"
"D24,""LED"",""D_1206_3216Metric"",199.158500,-117.091500,135.000000,top"
"D25,""LED"",""D_1206_3216Metric"",201.158500,-121.741500,90.000000,top"
"D26,""LED"",""D_1206_3216Metric"",190.658500,-131.291500,90.000000,top"
"D27,""LED"",""D_1206_3216Metric"",190.658500,-135.891500,90.000000,top"
"D28,""LED"",""D_1206_3216Metric"",190.658500,-140.491500,90.000000,top"
"D29,""LED"",""D_1206_3216Metric"",190.708500,-126.641500,-90.000000,top"
"D30,""LED"",""D_1206_3216Metric"",190.708500,-122.041500,-90.000000,top"
"D31,""LED"",""D_1206_3216Metric"",190.708500,-117.441500,-90.000000,top"
"D32,""LED"",""D_1206_3216Metric"",176.308500,-142.404000,0.000000,top"
"D33,""LED"",""D_1206_3216Metric"",171.558500,-140.404000,-45.000000,top"
"D34,""LED"",""D_1206_3216Metric"",169.608500,-135.654000,-90.000000,top"
"D35,""LED"",""D_1206_3216Metric"",183.058500,-131.091500,90.000000,top"
"D36,""LED"",""D_1206_3216Metric"",183.058500,-135.704000,90.000000,top"
"D37,""LED"",""D_1206_3216Metric"",181.058500,-140.454000,45.000000,top"
"D38,""LED"",""D_1206_3216Metric"",183.058500,-117.341500,90.000000,top"
"D39,""LED"",""D_1206_3216Metric"",183.058500,-121.904000,90.000000,top"
"D40,""LED"",""D_1206_3216Metric"",183.058500,-126.491500,90.000000,top"
"D41,""LED"",""D_1206_3216Metric"",202.908500,-142.591500,30.000000,top"
"D42,""LED"",""D_1206_3216Metric"",198.108500,-143.991500,0.000000,top"
"D43,""LED"",""D_1206_3216Metric"",193.508500,-143.991500,0.000000,top"
"DC1,""Conn_01x02_Socket"",""JST_PH_B2B-PH-K_1x02_P2.00mm_Vertical"",173.458500,-153.541500,0.000000,top"
"DC2,""Conn_01x02_Socket"",""JST_PH_B2B-PH-K_1x02_P2.00mm_Vertical"",180.358500,-153.541500,0.000000,top"
"DC3,""Conn_01x02_Socket"",""JST_PH_B2B-PH-K_1x02_P2.00mm_Vertical"",187.258500,-153.541500,0.000000,top"
"DC4,""Conn_01x02_Socket"",""JST_PH_B2B-PH-K_1x02_P2.00mm_Vertical"",194.158500,-153.541500,0.000000,top"
"DC5,""Conn_01x02_Socket"",""JST_PH_B2B-PH-K_1x02_P2.00mm_Vertical"",201.058500,-153.541500,0.000000,top"
"DC6,""Conn_01x02_Socket"",""JST_PH_B2B-PH-K_1x02_P2.00mm_Vertical"",207.958500,-153.541500,0.000000,top"
"DSW1,""SW_DIP_x08"",""SW_DIP_SPSTx08_Slide_Copal_CHS-08A_W5.08mm_P1.27mm_JPin"",84.748500,-114.246500,0.000000,top"
"J1,""XT60-M"",""AMASS_XT60-M_1x02_P7.20mm_Vertical"",99.908500,-92.541500,-90.000000,top"
"J14,""Conn_01x60_MountingPin"",""Amphenol_F32Q-1A7x1-11060_1x60-1MP_P0.5mm_Horizontal"",211.158500,-122.541500,90.000000,top"
"J16,""Conn_01x12"",""PinSocket_1x12_P2.54mm_Vertical"",173.458500,-109.541500,90.000000,top"
"J25,""Conn_01x03_Pin"",""JST_PH_B3B-PH-K_1x03_P2.00mm_Vertical"",210.208500,-99.941500,90.000000,top"
"J26,""Conn_02x03_Counter_Clockwise"",""PinHeader_2x03_P2.54mm_Vertical"",102.533500,-115.751500,0.000000,top"
"J31,""Conn_01x02_Pin"",""JST_PH_B2B-PH-K_1x02_P2.00mm_Vertical"",98.158500,-116.441500,-90.000000,top"
"J32,""Conn_01x02_Pin"",""JST_PH_B2B-PH-K_1x02_P2.00mm_Vertical"",98.158500,-123.341500,-90.000000,top"
"L1,""HCM0703-3R3-R"",""L_KOHERelec_MDA7030"",172.018500,-116.151500,0.000000,top"
"L4,""HCM0703-3R3-R"",""L_KOHERelec_MDA7030"",172.179750,-103.251500,0.000000,top"
"M4,""Stepper_Motor_unipolar_6pin"",""JST_PH_B6B-PH-K_1x06_P2.00mm_Vertical"",98.708500,-153.566500,0.000000,top"
"M5,""Stepper_Motor_unipolar_6pin"",""JST_PH_B6B-PH-K_1x06_P2.00mm_Vertical"",117.458500,-153.556500,0.000000,top"
"M6,""Stepper_Motor_unipolar_6pin"",""JST_PH_B6B-PH-K_1x06_P2.00mm_Vertical"",136.076000,-153.596500,0.000000,top"
"M7,""Stepper_Motor_unipolar_6pin"",""JST_PH_B6B-PH-K_1x06_P2.00mm_Vertical"",154.598500,-153.586500,0.000000,top"
"Q1,""bss138"",""SOT-23"",205.808500,-97.741500,-90.000000,top"
"R14,""10k"",""R_0805_2012Metric"",48.288500,-74.001500,0.000000,top"
"R34,""0.025Ω"",""R_1206_3216Metric"",62.128500,-98.856500,0.000000,top"
"R35,""0.025Ω"",""R_1206_3216Metric"",201.208500,-98.391500,-90.000000,top"
"R37,""0.025Ω"",""R_1206_3216Metric"",62.128500,-108.786500,0.000000,top"
"R38,""0.025Ω"",""R_1206_3216Metric"",77.258500,-117.291500,0.000000,top"
"R39,""0.025Ω"",""R_1206_3216Metric"",108.608500,-113.591500,-90.000000,top"
"R41,""0.025Ω"",""R_1206_3216Metric"",175.658500,-97.491500,0.000000,top"
"R42,""0.025Ω"",""R_1206_3216Metric"",192.008500,-98.391500,-90.000000,top"
"R43,""0.025Ω"",""R_1206_3216Metric"",67.738500,-108.786500,0.000000,top"
"R44,""0.025Ω"",""R_1206_3216Metric"",67.738500,-112.096500,0.000000,top"
"R45,""0.025Ω"",""R_1206_3216Metric"",73.348500,-95.546500,0.000000,top"
"R47,""0.025Ω"",""R_1206_3216Metric"",73.348500,-102.166500,0.000000,top"
"R48,""0.025Ω"",""R_1206_3216Metric"",182.808500,-98.391500,-90.000000,top"
"R49,""10R"",""R_0805_2012Metric"",156.868500,-110.601500,90.000000,top"
"R50,""1k"",""R_0805_2012Metric"",201.008500,-103.741500,0.000000,top"
"R51,""10R"",""R_0805_2012Metric"",156.942250,-97.846500,90.000000,top"
"R52,""12K 1%"",""R_0805_2012Metric"",162.101000,-113.096500,0.000000,top"
"R53,""100"",""R_0805_2012Metric"",228.158500,-140.741500,-90.000000,top"
"R54,""12K 1%"",""R_0805_2012Metric"",162.142250,-100.246500,0.000000,top"
"R55,""105k"",""R_0805_2012Metric"",163.601000,-118.196500,90.000000,top"
"R56,""33k"",""R_0805_2012Metric"",165.701000,-118.196500,90.000000,top"
"R57,""330"",""R_0805_2012Metric"",131.746750,-133.937500,-90.000000,top"
"R58,""100R"",""R_0805_2012Metric"",211.008500,-90.941500,0.000000,top"
"R59,""210k"",""R_0805_2012Metric"",163.642250,-105.346500,90.000000,top"
"R60,""33k"",""R_0805_2012Metric"",165.808500,-105.346500,90.000000,top"
"R61,""10R"",""R_0805_2012Metric"",143.638500,-101.141500,-90.000000,top"
"R62,""100R"",""R_0805_2012Metric"",206.708500,-93.741500,90.000000,top"
"R63,""12K 1%"",""R_0805_2012Metric"",138.438500,-97.691500,180.000000,top"
"R64,""100R"",""R_0805_2012Metric"",207.458500,-90.941500,0.000000,top"
"R65,""178k"",""R_0805_2012Metric"",136.938500,-92.591500,-90.000000,top"
"R66,""33k"",""R_0805_2012Metric"",134.738500,-92.591500,-90.000000,top"
"R84,""10k"",""R_0805_2012Metric"",125.708500,-146.441500,180.000000,top"
"R85,""10k"",""R_0805_2012Metric"",106.958500,-146.391500,180.000000,top"
"R86,""330"",""R_0805_2012Metric"",113.058500,-143.241500,90.000000,top"
"R87,""330"",""R_0805_2012Metric"",131.758500,-143.291500,90.000000,top"
"R88,""10k"",""R_0805_2012Metric"",113.008500,-153.149000,-90.000000,top"
"R89,""10k"",""R_0805_2012Metric"",131.708500,-153.149000,-90.000000,top"
"R90,""10k"",""R_0805_2012Metric"",144.308500,-146.391500,180.000000,top"
"R91,""10k"",""R_0805_2012Metric"",162.908500,-146.391500,180.000000,top"
"R92,""330"",""R_0805_2012Metric"",150.358500,-143.304000,90.000000,top"
"R93,""330"",""R_0805_2012Metric"",168.958500,-143.291500,90.000000,top"
"R94,""10k"",""R_0805_2012Metric"",150.308500,-153.149000,-90.000000,top"
"R95,""10k"",""R_0805_2012Metric"",168.908500,-153.149000,-90.000000,top"
"R160,""154k"",""R_0805_2012Metric"",119.708500,-109.791500,-90.000000,top"
"R161,""36k"",""R_0805_2012Metric"",117.627250,-106.241500,-90.000000,top"
"R162,""510k"",""R_0805_2012Metric"",115.577250,-106.254000,-90.000000,top"
"R163,""10k"",""R_0805_2012Metric"",193.158500,-112.941500,0.000000,top"
"R164,""2,2k"",""R_0805_2012Metric"",201.508500,-112.941500,0.000000,top"
"R165,""34,8k"",""R_0805_2012Metric"",128.758500,-104.291500,180.000000,top"
"R166,""47k"",""R_0805_2012Metric"",125.008500,-108.491500,0.000000,top"
"R169,""47k"",""R_0805_2012Metric"",157.308500,-119.541500,0.000000,top"
"R170,""47k"",""R_0805_2012Metric"",143.088500,-92.091500,180.000000,top"
"R171,""47k"",""R_0805_2012Metric"",157.508500,-106.541500,0.000000,top"
"R172,""47k"",""R_0805_2012Metric"",138.658500,-106.691500,180.000000,top"
"R173,""34,8k"",""R_0805_2012Metric"",134.908500,-110.991500,0.000000,top"
"R174,""10k"",""R_0805_2012Metric"",179.858500,-112.941500,0.000000,top"
"R175,""154k"",""R_0805_2012Metric"",143.958500,-105.491500,90.000000,top"
"R176,""2,2k"",""R_0805_2012Metric"",188.108500,-112.941500,0.000000,top"
"R177,""510k"",""R_0805_2012Metric"",148.089750,-109.029000,90.000000,top"
"R178,""36k"",""R_0805_2012Metric"",146.039750,-109.041500,90.000000,top"
"SERVO1,""Conn_01x03_Socket"",""JST_PH_B3B-PH-K_1x03_P2.00mm_Vertical"",203.208500,-92.491500,180.000000,top"
"SERVO2,""Conn_01x03_Socket"",""JST_PH_B3B-PH-K_1x03_P2.00mm_Vertical"",194.008500,-92.491500,180.000000,top"
"SERVO3,""Conn_01x03_Socket"",""JST_PH_B3B-PH-K_1x03_P2.00mm_Vertical"",184.808500,-92.491500,180.000000,top"
"SERVO4,""Conn_01x03_Socket"",""JST_PH_B3B-PH-K_1x03_P2.00mm_Vertical"",175.608500,-92.491500,180.000000,top"
"U16,""INA226"",""VSSOP-10_3x3mm_P0.5mm"",40.798500,-100.766500,0.000000,top"
"U19,""INA226"",""VSSOP-10_3x3mm_P0.5mm"",40.798500,-114.491500,0.000000,top"
"U20,""INA226"",""VSSOP-10_3x3mm_P0.5mm"",69.008500,-123.741500,0.000000,top"
"U25,""INA226"",""VSSOP-10_3x3mm_P0.5mm"",48.208500,-114.491500,0.000000,top"
"U26,""INA226"",""VSSOP-10_3x3mm_P0.5mm"",48.208500,-119.066500,0.000000,top"
"U27,""INA226"",""VSSOP-10_3x3mm_P0.5mm"",55.618500,-96.191500,0.000000,top"
"U29,""INA226"",""VSSOP-10_3x3mm_P0.5mm"",55.618500,-105.341500,0.000000,top"
"U31,""AP64501SP-13"",""SOIC-8-1EP_3.9x4.9mm_P1.27mm_EP2.95x4.9mm_Mask2.71x3.4mm_ThermalVias"",155.751000,-115.346500,0.000000,top"
"U33,""AP64501SP-13"",""SOIC-8-1EP_3.9x4.9mm_P1.27mm_EP2.95x4.9mm_Mask2.71x3.4mm_ThermalVias"",155.792250,-102.496500,0.000000,top"
"U34,""AP64501SP-13"",""SOIC-8-1EP_3.9x4.9mm_P1.27mm_EP2.95x4.9mm_Mask2.71x3.4mm_ThermalVias"",144.858500,-96.491500,180.000000,top"
"U35,""AP22815AWU"",""SOT-23-6"",174.458500,-147.441500,90.000000,top"
"U36,""LTC3119EFE_PBF"",""SOP65P640X120-29N"",122.858500,-102.241500,0.000000,top"
"U39,""LTC3119EFE_PBF"",""SOP65P640X120-29N"",140.808500,-113.041500,180.000000,top"
"U40,""AP22815AWU"",""SOT-23-6"",181.358500,-147.491500,90.000000,top"
"U41,""AP22815AWU"",""SOT-23-6"",188.258500,-147.504000,90.000000,top"
"U42,""AP22815AWU"",""SOT-23-6"",195.158500,-147.491500,90.000000,top"
"U43,""AP22815AWU"",""SOT-23-6"",202.058500,-147.491500,90.000000,top"
"U44,""AP22815AWU"",""SOT-23-6"",208.958500,-147.491500,90.000000,top"
"U48,""TMC2240_SILENTSTEPSTICK"",""TMC2209"",103.708500,-140.149000,0.000000,top"
"U49,""TMC2240_SILENTSTEPSTICK"",""TMC2209"",122.458500,-140.149000,0.000000,top"
"U50,""TMC2240_SILENTSTEPSTICK"",""TMC2209"",141.061000,-140.149000,0.000000,top"
"U51,""TMC2240_SILENTSTEPSTICK"",""TMC2209"",159.628500,-140.139000,0.000000,top"
"U52,""TB6612FNG"",""SSOP-24_5.3x8.2mm_P0.65mm"",115.958500,-116.941500,0.000000,top"
"C22,""1uf"",""C_0805_2012Metric"",100.008500,-135.941500,180.000000,bottom"
"C24,""1uf"",""C_0805_2012Metric"",122.758500,-130.041500,90.000000,bottom"
"C26,""1uf"",""C_0805_2012Metric"",162.908500,-135.991500,180.000000,bottom"
"C28,""1uf"",""C_0805_2012Metric"",137.908500,-135.991500,0.000000,bottom"
"C32,""1uf"",""C_0805_2012Metric"",182.808500,-106.300000,-0.000000,bottom"
"C33,""1uf"",""C_0805_2012Metric"",173.300000,-106.100000,-0.000000,bottom"
"C36,""1uf"",""C_0805_2012Metric"",191.900000,-106.250000,-0.000000,bottom"
"C37,""1uf"",""C_0805_2012Metric"",201.050000,-106.200000,-0.000000,bottom"
"C74,""4,7uf"",""C_0805_2012Metric"",125.000000,-108.640000,180.000000,bottom"
"C76,""4,7uf"",""C_0805_2012Metric"",125.000000,-110.620000,180.000000,bottom"
"C114,""4,7uf"",""C_0805_2012Metric"",125.000000,-112.640000,180.000000,bottom"
"C115,""4,7uf"",""C_0805_2012Metric"",125.000000,-114.650000,180.000000,bottom"
"C147,""4,7uf"",""C_0805_2012Metric"",114.900000,-107.200000,180.000000,bottom"
"C148,""4,7uf"",""C_0805_2012Metric"",118.350000,-107.200000,-0.000000,bottom"
"C149,""4,7uf"",""C_0805_2012Metric"",118.350000,-105.200000,-0.000000,bottom"
"C150,""4,7uf"",""C_0805_2012Metric"",114.900000,-105.200000,180.000000,bottom"
"C156,""4,7uf"",""C_0805_2012Metric"",145.100000,-118.050000,180.000000,bottom"
"C157,""4,7uf"",""C_0805_2012Metric"",145.100000,-116.050000,180.000000,bottom"
"C158,""4,7uf"",""C_0805_2012Metric"",148.500000,-118.040000,-0.000000,bottom"
"C159,""4,7uf"",""C_0805_2012Metric"",148.500000,-116.040000,-0.000000,bottom"
"L3,""HCM0703-3R3-R"",""L_KOHERelec_MDA7030"",135.908500,-105.641500,-90.000000,bottom"
"L6,""HCM0703-3R3-R"",""L_KOHERelec_MDA7030"",122.858500,-93.491500,180.000000,bottom"
"L7,""HCM0703-3R3-R"",""L_KOHERelec_MDA7030"",140.808500,-121.791500,0.000000,bottom"
"R33,""0.025Ω"",""R_1206_3216Metric"",122.468500,-135.604000,90.000000,bottom"
"R36,""0.025Ω"",""R_1206_3216Metric"",159.708500,-142.641500,90.000000,bottom"
"R40,""0.025Ω"",""R_1206_3216Metric"",103.708500,-135.604000,90.000000,bottom"
"R46,""0.025Ω"",""R_1206_3216Metric"",141.078500,-142.614000,90.000000,bottom"
"R67,""R_LED"",""R_0805_2012Metric"",185.108500,-128.779000,-90.000000,bottom"
"R68,""R_LED"",""R_0805_2012Metric"",196.858500,-115.591500,-90.000000,bottom"
"R76,""R_LED"",""R_0805_2012Metric"",194.758500,-115.591500,-90.000000,bottom"
"R77,""R_LED"",""R_0805_2012Metric"",192.708500,-115.591500,-90.000000,bottom"
"R78,""R_LED"",""R_0805_2012Metric"",190.658500,-115.591500,-90.000000,bottom"
"R79,""R_LED"",""R_0805_2012Metric"",169.821000,-144.391500,-0.000000,bottom"
"R80,""R_LED"",""R_0805_2012Metric"",183.108500,-128.791500,-90.000000,bottom"
"R81,""R_LED"",""R_0805_2012Metric"",183.058500,-118.929000,90.000000,bottom"
"R82,""R_LED"",""R_0805_2012Metric"",205.708500,-144.829000,90.000000,bottom"
"U15,""INA226"",""VSSOP-10_3x3mm_P0.5mm"",126.058500,-131.491500,-90.000000,bottom"
"U17,""INA226"",""VSSOP-10_3x3mm_P0.5mm"",201.158500,-101.641500,90.000000,bottom"
"U18,""INA226"",""VSSOP-10_3x3mm_P0.5mm"",163.308500,-131.391500,-90.000000,bottom"
"U21,""INA226"",""VSSOP-10_3x3mm_P0.5mm"",99.700000,-109.000000,-0.000000,bottom"
"U22,""INA226"",""VSSOP-10_3x3mm_P0.5mm"",100.308500,-131.491500,-90.000000,bottom"
"U23,""INA226"",""VSSOP-10_3x3mm_P0.5mm"",173.608500,-101.691500,90.000000,bottom"
"U24,""INA226"",""VSSOP-10_3x3mm_P0.5mm"",192.008500,-101.641500,90.000000,bottom"
"U28,""INA226"",""VSSOP-10_3x3mm_P0.5mm"",137.608500,-131.441500,-90.000000,bottom"
"U30,""INA226"",""VSSOP-10_3x3mm_P0.5mm"",182.808500,-101.641500,90.000000,bottom"
"U53,""MCP23S17_SO"",""SSOP-28_3.9x9.9mm_P0.635mm"",172.981000,-128.091500,-90.000000,bottom"
"U67,""PCA9685PW"",""TSSOP-28_4.4x9.7mm_P0.65mm"",172.983500,-119.079000,90.000000,bottom"
