"Id";"Designator";"Footprint";"Quantity";"Designation";"Supplier and ref";
1;"HS1";"TestPoint_Pad_1.0x1.0mm";1;"Heatsink";;;
2;"R92,R93,R90,R91,R88,R129,R139,R133,R136,R140,R125,R127,R130,R131,R132,R124,R126,R134,R138,R135,R89,R128,R137,R144,R96,R123,R97,R95,R94,R143,R142,R141,R2,R3,R4,R28,R17,R16,R27";"R_0805_2012Metric";39;"2.2K 1%";;;
3;"R101,R98,R120,R99,R100,R103,R121,R102";"R_0805_2012Metric";8;"100k";;;
4;"R122,R78,R79,R86,R82,R85,R75,R84,R77,R74,R73,R72,R18";"R_0805_2012Metric";13;"10k";;;
5;"C91";"CP_EIA-7343-31_Kemet-D";1;"100uF";;;
6;"C116,C117,C118,C119,C121,C124,C125,C127,C128,C132,C133,C134,C135,C136,C37,C35,C28,C34,C26,C32,C30,C27,C22,C24,C23,C25,C36,C33,C31,C29,C9,C8,C10,C111,C104,C110,C106,C103,C62,C85,C105,C101,C100,C87,C107,C63,C6,C86,C2,C5,C38,C39,C40,C83,C82,C141,C81,C80,C21,C19,C18,C20,C17,C61,C59,C77,C76,C60,C88";"C_0805_2012Metric";69;"1uf";;;
7;"C120,C122";"C_0805_2012Metric";2;"C";;;
8;"C123,C126,C137";"C_0805_2012Metric";3;"0.022-μF";;;
9;"C129,C130,CT1,CT3,C78,CT2";"CP_EIA-7343-31_Kemet-D";6;"100uf";;;
10;"C131,CT8,CT9,CT7,CT6,CT5,CT4";"CP_EIA-3528-21_Kemet-B";7;"10uf";;;
11;"DSI1,DSI2";"Hirose_FH12-22S-0.5SH_1x22-1MP_P0.50mm_Horizontal";2;"Conn_01x22_Female";;;
12;"J2";"MTCONN_UBAF30-D2011";1;"USB3_A";;;
13;"J3,J4";"EDAC 690-019-298-412";2;"690-019-298-412";;;
14;"J11,J13";"PinHeader_2x02_P2.54mm_Vertical";2;"THD-02-R";;;
15;"R1,R56,R60,R58,R26,R66,R68";"R_0805_2012Metric";7;"15K 1%";;;
16;"R104,R105,R87";"R_0805_2012Metric";3;"47k";;;
17;"R106,R107";"R_0805_2012Metric";2;"1.5-kΩ";;;
18;"R108";"R_0805_2012Metric";1;"22";;;
19;"R109";"R_0805_2012Metric";1;"22Ω";;;
20;"R110";"R_0805_2012Metric";1;"R";;;
21;"R111,R112";"R_0805_2012Metric";2;"16";;;
22;"R113,R114";"R_0805_2012Metric";2;"330";;;
23;"R115,R116,R117,R118,R119";"R_0805_2012Metric";5;"10K";;;
24;"SPEAKER1,J32,J31";"JST_PH_B2B-PH-K_1x02_P2.00mm_Vertical";3;"Conn_01x02_Pin";;;
25;"SPI1,SPI2,SPI3,SPI4";"JST_PH_B6B-PH-K_1x06_P2.00mm_Vertical";4;"Conn_01x06_Socket";;;
26;"SW2,SW3,SW4";"PinHeader_1x02_P2.54mm_Vertical";3;"SW_Push";;;
27;"U59,U60,U61,U62,U2";"SOP50P490X110-10N";5;"TS5A23157DGSR";;;
28;"U64";"SSOP28";1;"PCM2704C";;;
29;"Y3";"Crystal_SMD_HC49-SD";1;"5MHz";;;
30;"C7,C11,C42,C41,C45,C43,C44,C46,C65,C66,C67,C64,C90,C89";"C_0805_2012Metric";14;"100n";;;
31;"D1,D3";"D_1206_3216Metric";2;"LED Green";;;
32;"D2";"D_1206_3216Metric";1;"LED Red";;;
33;"R13,R12";"R_0805_2012Metric";2;"470R";;;
34;"R10";"R_0805_2012Metric";1;"0R";;;
35;"R8,R9,R70,R69,R71,R15";"R_0805_2012Metric";6;"1k";;;
36;"R7,R5,R6";"R_0805_2012Metric";3;"4.7k";;;
37;"J12";"JST_PH_B4B-PH-K_1x04_P2.00mm_Vertical";1;"Conn_01x04_Socket";;;
38;"DSW2,DSW1,DSW3";"SW_DIP_SPSTx08_Slide_Copal_CHS-08A_W5.08mm_P1.27mm_JPin";3;"SW_DIP_x08";;;
39;"GPIO1";"PinHeader_2x20_P2.54mm_Vertical";1;"THD-20-R";;;
40;"U3";"SOT-353_SC-70-5";1;"74LVC1G07SE-7";;;
41;"U5,U4,U14,U10,U12";"USON-10_2.5x1.0mm_P0.5mm";5;"TPD4EUSB30";;;
42;"C3,C1,C4,C15";"CP_EIA-3528-21_Kemet-B";4;"10u";;;
43;"C113,C112";"C_0805_2012Metric";2;"22pF";;;
44;"C109,C108";"C_0805_2012Metric";2;"0.1uF";;;
45;"C102,C139,C140,C143,C142,C97,C56,C58,C57,C75,C74";"CP_Elec_8x10";11;"470uf";;;
46;"C84,C79,C13";"C_0805_2012Metric";3;"100nf";;;
47;"Y4";"Crystal_SMD_HC49-SD";1;"32.768MHz";;;
48;"U67";"TSSOP-28_4.4x9.7mm_P0.65mm";1;"PCA9685PW";;;
49;"U54,U53";"SSOP-28_3.9x9.9mm_P0.635mm";2;"MCP23S17_SO";;;
50;"U57";"LGA-28_5.2x3.8mm_P0.5mm";1;"BNO080";;;
51;"U50,U51,U49,U48";"TMC2209";4;"TMC2240_SILENTSTEPSTICK";;;
52;"U56";"Bosch_LGA-8_2.5x2.5mm_P0.65mm_ClockwisePinNumbering";1;"BME280";;;
53;"U55";"IC_ICM-45686";1;"ICM-45686";;;
54;"U47";"TSSOP-20_4.4x6.5mm_P0.65mm";1;"74HC240";;;
55;"U52";"SSOP-24_5.3x8.2mm_P0.65mm";1;"TB6612FNG";;;
56;"GPIO2";"PinHeader_2x14_P2.54mm_Vertical";1;"Conn_02x14_Counter_Clockwise";;;
57;"R48,R45,R46,R47,R44,R43,R40,R42,R41,R39,R38,R37,R35,R34,R33,R36";"R_1206_3216Metric";16;"0.025Ω";;;
58;"Q25,Q22,Q20,Q23,Q21,Q24,Q18,Q17,Q16,Q15,Q14,Q13,Q11,Q12,Q8,Q7,Q6,Q5,Q4,Q9,Q10";"SOT-23";21;"IRLML2502";;;
59;"M7,M6,M4,M5";"JST_PH_B6B-PH-K_1x06_P2.00mm_Vertical";4;"Stepper_Motor_unipolar_6pin";;;
60;"Q3,Q2";"SOT-23";2;"SS8050-G";;;
61;"I2C_2,I2C_1,I2C_0x70_1,I2C_0x70_3,I2C_0x70_5,I2C_0x70_2,I2C_0x70_4,I2C_0x71_3,I2C_0x70_7,I2C_0x71_4,I2C_0x70_8,I2C_0x71_2,I2C_0x71_5,I2C_0x71_1,I2C_0x71_7,I2C_0x71_8,I2C_0x70_6,JI2C_0x71_6";"JST_PH_B4B-PH-K_1x04_P2.00mm_Vertical";18;"Conn_01x04_Pin";;;
62;"J7";"MOLEX_USB_67298-4090";1;"690-008-221-904";;;
63;"J1";"AMASS_XT60-M_1x02_P7.20mm_Vertical";1;"XT60-M";;;
64;"DC6,DC3,DC4,DC5,DC2,DC1";"JST_PH_B2B-PH-K_1x02_P2.00mm_Vertical";6;"Conn_01x02_Socket";;;
65;"FB2,FB1";"R_2512_6332Metric";2;"FerriteBead";;;
66;"SERVO2,SERVO1,SERVO3,SERVO4";"JST_PH_B3B-PH-K_1x03_P2.00mm_Vertical";4;"Conn_01x03_Socket";;;
67;"R81,R83,R80,R76";"R_0805_2012Metric";4;"320";;;
68;"U45,U46";"TSSOP-24_4.4x7.8mm_P0.65mm";2;"TCA9548APWR";;;
69;"U30,U28,U21,U27,U26,U25,U20,U15,U18,U17,U23,U19,U29,U22,U24,U16";"VSSOP-10_3x3mm_P0.5mm";16;"INA226";;;
70;"U7";"Crystal_SMD_3225-4Pin_3.2x2.5mm";1;"ASEK-32.768KHZ-L-R-T";;;
71;"TP1,TP2,TP3,TP7,TP8,TP12,TP10,TP15,TP11,TP9,TP13,TP16,TP14,TP4";"TestPoint_Pad_D2.0mm";14;"TestPoint";;;
72;"D7,D9,D8,D10,D4,D6,D5";"D_1206_3216Metric";7;"LED";;;
73;"BT1";"JST_PH_B2B-PH-K_1x02_P2.00mm_Vertical";1;"Battery_Cell";;;
74;"U63";"TSSOP-38_4.4x9.7mm_P0.5mm";1;"ADS8688";;;
75;"TP5,TP6";"TestPoint_Pad_D4.0mm";2;"TestPoint";;;
76;"ESP1";"ESP32-S3-WROOM-2";1;"ESP32-S3-WROOM-2";;;
77;"R14";"R_0805_2012Metric";1;"100K 1%";;;
78;"C50,C52,C51,C71,C70";"C_0805_2012Metric";5;"1.2nF";;;
79;"C54,C53,C49,C48,C47,C55,C73,C69,C68,C72";"C_0805_2012Metric";10;"nf";;;
80;"C16";"CP_Elec_8x10";1;"470uF";;;
81;"C12,C14";"C_0805_2012Metric";2;"27pF";;;
82;"Y1";"Crystal_SMD_HC49-SD";1;"24MHz";;;
83;"R63,R54,R53,R52,R22,R64";"R_0805_2012Metric";6;"12K 1%";;;
84;"R62,R61,R50,R51,R49";"R_0805_2012Metric";5;"10R";;;
85;"R57,R59,R55,R65,R67";"R_0805_2012Metric";5;"47K 1%";;;
86;"R31,R30,R32,R29,R24,R23";"R_0805_2012Metric";6;"5.1K 1%";;;
87;"R21,R19,R25,R20";"R_0805_2012Metric";4;"36K 1%";;;
88;"L5,L4,L2,L3,L1";"L_Bourns_SRN6045TA";5;"SRN6045TA-3R3Y";;;
89;"U13,U8";"MSOP-10_3x3mm_P0.5mm";2;"FSUSB42MUX";;;
90;"U9,U6";"SOT-23-6";2;"AP22653W6";;;
91;"C96,C98,C99";"C_0805_2012Metric";3;"470uf";;;
92;"U65";"MSOP-8-1EP_3x3mm_P0.65mm_EP1.95x2.15mm_ThermalVias";1;"TPA6203A1DGN";;;
93;"U37";"QFN-16-1EP_3x3mm_P0.5mm_EP1.7x1.7mm_ThermalVias";1;"CH343P";;;
94;"U35,U34,U33,U32,U31";"SOIC-8-1EP_3.9x4.9mm_P1.27mm_EP2.95x4.9mm_Mask2.71x3.4mm_ThermalVias";5;"AP64501SP-13";;;
95;"U11";"QFN-36-1EP_6x6mm_P0.5mm_EP3.7x3.7mm";1;"USB2514B-I/M2";;;
96;"SW1";"SW_Tactile_SPST_Angled_PTS645Vx58-2LFS";1;"Right angle Tact button";;;
97;"Q26,Q1";"PQFN_8x8";2;"IRLHM630PbF";;;
98;"Module1";"Raspberry-Pi-5-Compute-Module";1;"ComputeModule5-CM5";;;
99;"J10,J9,J8";"USB_C_Receptacle_Palconn_UTC16-G";3;"USB_C_Receptacle_USB2.0_16P";;;
100;"J6";"M.2 M Key socket";1;"Bus_M.2_Socket_M";;;
101;"J5";"TRJG0926HENL";1;"MagJack-A70-112-331N126";;;
102;"U36";"TSOT-23";1;"RT9742SNGV";;;
